,P5_HarmonicAmplitudeRatio,P5_rms,P5_Variance,P1_Cfactor,P1_Variance,P1_rms,P1_HarmonicAmplitudeRatio,P2_Variance,P2_rms,P6_HarmonicAmplitudeRatio,P5_fft_25th_percentile,P1_fft_median,P3_LI,P3_fft_mean,P3_mean,P2_SINAD,P2_fft_skewness,P1_fft_25th_percentile,P7_HarmonicAmplitudeRatio,P5_SINAD,Spacecraft
0,0.4047158869798593,0.9081390414639543,0.9891114840691537,0.8353847866636932,0.9975663619377013,0.95702782591718,0.5005150926784964,0.7422211293574603,0.5870771452258055,0.5351518810209392,0.1132347986962392,0.9472625263593704,0.24657952883771372,0.7533805150642912,0.2466194849356782,0.7999999999999999,0.4677074599627685,0.3968210696584942,0.5585215926997958,0.7999999999999999,1
1,0.38698319059708663,0.957102450468625,0.9708164438778264,0.8560625593771283,0.9990715051732442,0.9701373387952117,0.4962945008221069,0.7419175731339862,0.5727303738386524,0.534254277889453,0.15973911076847447,0.8812266758841352,0.25159091939043776,0.7483669126196126,0.2516330873803838,0.7999999999999999,0.46177680268564225,0.3561415352523327,0.5778130231848789,0.7999999999999999,1
2,0.38571243299448765,0.9086873656511898,0.9420698522783602,0.8846330683106296,0.9978552669375589,0.9792456809167334,0.49222806929546203,0.7520468544857117,0.614114676056488,0.5162652463726802,0.04729723266417096,0.8784927511736956,0.23207353044837475,0.7678316393350035,0.23216836066498558,0.7999999999999999,0.45372999413414467,0.3946584340550112,0.41468634287985406,0.7999999999999999,1
3,0.38405173463369935,0.9371475504899252,0.964525252962434,0.8844389460642432,0.9957337010617298,0.9699166014548837,0.492074656929412,0.75195558878283,0.6226083848585802,0.509840991039346,0.08139224523054889,0.8509325110378432,0.2357747874723941,0.7641407412156496,0.23585925878435887,0.7999999999999999,0.44871961969100327,0.4299394204651499,0.5540537841331855,0.7999999999999999,1
4,0.38226710125247454,0.961120353142519,0.9759744317567509,0.8737838753232996,0.9963133058195563,0.974559057895874,0.4902762783412494,0.7450002157866,0.5953355588930833,0.5058027334583319,0.08893022743385348,0.8676722606311048,0.24841852323810087,0.7515351704860072,0.24846482951400617,0.7999999999999999,0.44562311213731615,0.428039640617246,0.5375695851655019,0.7999999999999999,1
5,0.38095062086336196,0.9445265007867079,0.9692076225805948,0.8653818992492379,0.9939285144645644,0.9606381339690984,0.4900648141785676,0.747572024213347,0.6102539758607861,0.5028194589299142,0.038444800846695326,0.8086144375241426,0.23901804684300032,0.7609192139780374,0.23908078602192973,0.7999999999999999,0.4429547822889956,0.40241067323758384,0.48040214676487236,0.7999999999999999,1
6,0.38317193018552675,0.9463906851501918,0.9703159819370504,0.8688862317678314,0.997251363299761,0.9712095878914511,0.49170704279727184,0.7442068446621863,0.5896917614724373,0.5169599175222603,0.09892067143456496,0.876362461941358,0.24729622795318562,0.7526544372063895,0.24734556279361186,0.7999999999999999,0.4497678925430572,0.40684380530134945,0.4670764606611685,0.7999999999999999,1
7,0.38684179148688447,0.8870274921613088,0.9519087689802619,0.8594763788494171,0.9986646831706147,0.9709296233697273,0.49542721519476296,0.7453813078317408,0.5854747469805375,0.5341620270475074,0.16117104765022217,0.9280435206587668,0.2451155410438446,0.7548242535006671,0.24517574649931362,0.7999999999999999,0.4594295433281192,0.37779668355565055,0.5279995163533008,0.7999999999999999,1
8,0.38926323375643124,0.9783624582799177,0.988058625846546,0.8460856916337112,0.9954666815176567,0.9578408557000557,0.4948276919927057,0.7445618152640019,0.5978712236567674,0.4589076724319731,0.11069150067261546,0.8662636967620886,0.24240555340728065,0.757545947829726,0.24245405217027383,0.7999999999999999,0.453081507445089,0.39610402249732957,0.503796793074656,0.7999999999999999,1
9,0.38680908117999335,0.9861477087720232,0.9870997652248221,0.8472947606779848,0.9959929349043037,0.9635476170385573,0.4936335013941642,0.7414428859472955,0.5831582224272722,0.49117463257104105,0.09024177662360655,0.8883781714868149,0.24949081710059318,0.7504828220131146,0.24951717798688833,0.7999999999999999,0.4524926022604518,0.37678319618749034,0.48109849883821176,0.7999999999999999,1
10,0.3837946522166844,0.955113797953743,0.9719426966176796,0.8584057134148506,0.9963649926400728,0.964949688875322,0.4928192793805465,0.7445046403089515,0.5949829341423367,0.48884170067526417,0.09575375643964534,0.9017701158107152,0.2429531018120059,0.7569947044665648,0.24300529553343608,0.7999999999999999,0.45101142087914486,0.39551852339111204,0.5043927682694257,0.7999999999999999,1
11,0.38495906020729453,0.9767035617277884,0.9478174542571829,0.8960075508431311,0.9975985092772255,0.9898479626769472,0.48927548441330593,0.754240013491317,0.6245606861653528,0.5102978491739045,0.09313823959758061,0.8768337838222258,0.22830717580032456,0.7715939665721734,0.22840603342783083,0.7999999999999999,0.44925874298670554,0.3850747828842118,0.4283528537316451,0.7999999999999999,1
12,0.386387417577128,0.9548451933396791,0.969426723685131,0.8434828513722779,0.9977181325352598,0.9670533966806261,0.4966596320055634,0.7425399372424157,0.5801170718388846,0.5131890241468855,0.12306219022632181,0.9750838789508709,0.2477263042189719,0.7522366034000239,0.2477633965999786,0.7999999999999999,0.4612495338514303,0.3648040150758751,0.5530525324238663,0.7999999999999999,1
13,0.38331429258046756,0.9399676063256663,0.9674204134976645,0.8564444050674953,0.9963485246375157,0.9670877782472189,0.4925577575268232,0.7447504707862296,0.5926184102095533,0.46366134483738924,0.09705527940551795,0.9079150459306593,0.24429140790896042,0.7556618413897087,0.24433815861027597,0.7999999999999999,0.45048395386815104,0.3919086353936838,0.56022129728274,0.7999999999999999,1
14,0.3879788249834186,0.9032038449833806,0.9464399512554091,0.8667972030498565,0.9952700154720253,0.9771240203794491,0.49111304709362524,0.751074818701664,0.6076061953027931,0.4733289218802425,0.05152530547868972,0.9209981102488748,0.23541751062920468,0.7645122095173515,0.23548779048263668,0.7999999999999999,0.4483113840546133,0.3752656749742007,0.44368411239239636,0.7999999999999999,1
15,0.39603229188871936,0.9532133128646194,0.9941807176355935,0.8378205367605522,0.9963492874326267,0.9590096957529113,0.49667148380795434,0.7420343387632575,0.589614869096124,0.4908592330245611,0.1182828895452217,0.9055172115549754,0.24608535282223443,0.7538822410769994,0.24611775892300614,0.7999999999999999,0.458400699749264,0.3868881401637152,0.5414059061388322,0.7999999999999999,1
16,0.3852599092269704,0.9356371516994955,0.9639355765836106,0.8860059908389886,0.9950904208188753,0.9659386018539067,0.49284881797656466,0.7524233436908163,0.6275569873298821,0.513567718851397,0.08522105492286958,0.8382124648561584,0.2350907402300777,0.7648196174271866,0.23518038257280693,0.7999999999999999,0.4501498656727865,0.4228306120648746,0.555368593852236,0.7999999999999999,1
17,0.38752697698059446,0.9793716612194316,0.982807193832888,0.8707498848453228,0.9962980276794673,0.9723398289136185,0.4934479016768033,0.7478197171608694,0.6052772086890741,0.5153662952692,0.13286708016766857,0.8143562248989114,0.24512210297422143,0.754821961094885,0.24517803890512369,0.7999999999999999,0.45146306244549367,0.44660175452260753,0.5358435343765905,0.7999999999999999,1
18,0.3821837836589852,0.9093503404500325,0.9439674761281769,0.8956386174713522,0.9978306023371866,0.9826516753601595,0.48981680911617675,0.7528168081036857,0.6195126966309772,0.5118045024385551,0.05941451429762035,0.8607246313121415,0.2344216906747647,0.7654878550483186,0.2345121449516654,0.7999999999999999,0.44761078634386675,0.3852419073805313,0.5508695717646283,0.7999999999999999,1
19,0.3835980653649642,0.9157085538833201,0.9612890710538944,0.8668244367914277,0.9930961492179875,0.959164900879216,0.49125989299457795,0.7491347876125347,0.6235544323344868,0.4997425241412257,0.04839484054333809,0.8125189611053543,0.23100812891370026,0.7689123297472114,0.23108767025277643,0.7999999999999999,0.4451314260315448,0.39140994341463187,0.555805577762159,0.7999999999999999,1
20,0.3859753960327146,0.8943183775694763,0.9507266025280445,0.8847013384595113,0.999254343521933,0.9797831604267344,0.49363895918684775,0.7508017816251884,0.6022007032599959,0.5221713768544471,0.16332646073179102,0.8624737875212023,0.24175990502469347,0.7581592985487136,0.2418407014512809,0.7999999999999999,0.45631242029185176,0.41413209044560584,0.4300463366671282,0.7999999999999999,1
21,0.3853980785630733,0.9358642267085031,0.964761340235688,0.8620808390639141,0.9978180959687311,0.9661308814251583,0.49483213935282544,0.7453818037045934,0.5952255767020063,0.5289522988670858,0.14675255930940256,0.9064315750128252,0.24142741969467352,0.758506618132551,0.24149338186744274,0.7999999999999999,0.4571257770621609,0.4018664800279883,0.5399159201351055,0.7999999999999999,1
22,0.3854464306647636,0.8685176865048163,0.9430235443128303,0.8705991163584192,0.9967866564157666,0.9745144311714284,0.49146327360404607,0.7486883652754284,0.6032993277913192,0.5247579955506301,0.10109777446371959,0.9160867959577018,0.23807156776888405,0.7618582082618885,0.23814179173810146,0.7999999999999999,0.4498448352607291,0.3902926974890166,0.41524204137023324,0.7999999999999999,1
23,0.3872293768314201,0.9847054690861512,0.9521764220397222,0.8972521772672701,0.9981842979084667,1.0,0.4878529916631341,0.7545957585376037,0.6181845433236504,0.508681458485946,0.06300899536544113,0.9224234094505551,0.23297981467393925,0.7669315099621759,0.23306849003783725,0.7999999999999999,0.4460868751621127,0.4117007975033684,0.47242613728043403,0.7999999999999999,1
24,0.39659837883621973,0.9538161449954714,0.9896005889532595,0.8342540208473217,0.9981521677142278,0.9601158896722382,0.4994840591453461,0.7414466220440501,0.5807145621500922,0.5130820967486334,0.09891786060032004,0.9743055985428491,0.24681431779396235,0.7531502597884021,0.24684974021158723,0.7999999999999999,0.4664584641013323,0.392586422405264,0.4544732487997839,0.7999999999999999,1
25,0.38387037395327117,0.901772169388181,0.9401069753647,0.8962979351104732,0.9994868832209687,0.9893428969202205,0.49086833165985144,0.7526340550319113,0.6094289192411964,0.5211527174251491,0.08547320975524864,0.9169758667701519,0.23922594462779045,0.7606883253075303,0.23931167469244485,0.7999999999999999,0.4518140915388884,0.413900484226535,0.5628307505092888,0.7999999999999999,1
26,0.38291626699466064,0.9447208361901289,0.9694044372578554,0.8622215026318281,0.9931537187056192,0.9561489040841025,0.4916057034810425,0.7485486780930122,0.6183701586843142,0.4823010817717957,0.05103978096472339,0.8240441569955212,0.23468108240943764,0.7652482685600617,0.23475173143992834,0.7999999999999999,0.44499416754548793,0.38626327586578557,0.5171617194416814,0.7999999999999999,1
27,0.38485399787249364,0.9163209641261858,0.9402290036994152,0.8893945945026762,0.9989066096536623,0.985626508800749,0.4915391041638604,0.7523226620779149,0.6103369179075457,0.517478883399703,0.06017844387194771,0.8888137895032872,0.23480999143987447,0.765098885090018,0.23490111490995957,0.7999999999999999,0.453037850795154,0.39424924547183715,0.4208949621324626,0.7999999999999999,1
28,0.3872501593261277,0.9466457985527654,0.9677577921692657,0.8660076803863324,0.998198969722446,0.9668625642036659,0.4962671569420044,0.7475672992636302,0.598418951174807,0.5265930868190984,0.17450299321049068,0.8636200558971014,0.24046604817434059,0.7594580142485725,0.24054198575142038,0.7999999999999999,0.45978304757033067,0.39906307652752204,0.45658216528811646,0.7999999999999999,1
29,0.3867537769285896,0.9033731047347828,0.9557970479015856,0.861612348334182,0.9963385740966217,0.9627286562311497,0.4953430496090625,0.7485820119967623,0.6073933410762038,0.5332874198773285,0.11819071501553369,0.886060492351074,0.2352999523953514,0.7646204453586496,0.23537955464132665,0.7999999999999999,0.456337407524474,0.3857100938519191,0.5479888393933824,0.7999999999999999,1
30,0.38627780623858365,0.8985934754662992,0.9557057226336039,0.8569532145640513,0.9984507934890903,0.9731210390680758,0.49488299324965723,0.7428947070142524,0.5747498024274762,0.5070573460748067,0.1400955539169919,0.893863738688202,0.25102997194632337,0.7489283191168672,0.2510716808831148,0.7999999999999999,0.45850144327317227,0.3402943881851388,0.5002458383385852,0.7999999999999999,1
31,0.3836008254028629,0.9648908658330413,0.9755767270326252,0.8585119639463534,0.9943197833901729,0.9580508417527085,0.49238274135998505,0.7471931722035114,0.6094099343693813,0.4851465900538163,0.04682933129264599,0.8354947962237491,0.23820174140139727,0.7617359098283458,0.23826409017165417,0.7999999999999999,0.4475320118712265,0.4130612025518159,0.46922323538815414,0.7999999999999999,1
32,0.3890903155888814,0.9747501311143196,0.9815609008525639,0.8543545434467301,0.9967180098163226,0.9605613619223163,0.4958719559182645,0.7452985394723581,0.5974088614276809,0.5308758107953377,0.10966063974179052,0.900030379213902,0.24159061714519225,0.7583485421330005,0.24165145786699327,0.7999999999999999,0.45685736415447253,0.38920468049252244,0.5216527544241901,0.7999999999999999,1
33,0.3867833992460028,0.9586178521511783,0.9715455900818377,0.8466047191154304,0.9966538047377493,0.9600197073551726,0.4966824471906729,0.7452045070464972,0.5982729457932692,0.47779980960864094,0.08586452826434599,0.9192488745345647,0.24019367296079963,0.7597440004278462,0.24025599957212762,0.7999999999999999,0.45921958952838826,0.3843637689490609,0.5654363439738735,0.7999999999999999,1
34,0.38422953793886583,0.9758903884481356,0.980217623069102,0.8585249062025175,0.9956135386393645,0.9628151938961764,0.49218974347902067,0.7448794429419399,0.595795698914344,0.5021435942751491,0.11209742189148564,0.8742795393439694,0.24417488727199554,0.7557758379365329,0.24422416206344622,0.7999999999999999,0.44829175401070676,0.4065727414938185,0.4928686208522256,0.7999999999999999,1
35,0.36491098676917133,0.7527389900307071,0.8712751800172611,0.793507094569458,0.8958885494528623,0.8204108493874855,0.45942579420415264,0.8184027258821545,0.866611458792022,0.43934537941362833,0.2619338515752181,0.6438849665200383,0.20726588141882019,0.7924995798040424,0.20750042019594162,0.7999999999999999,0.3715063168884573,0.4798913252465984,0.4063642583298447,0.7999999999999999,2
36,0.36883438641907107,0.8010662841932685,0.8880128064627988,0.7755089077475907,0.8926022387180603,0.8042251633964383,0.4600502704278434,0.79961846297707,0.7866890294134805,0.43143856767158767,0.2854645636536728,0.5128366791560728,0.12493402222941086,0.875140767040798,0.12485923295918155,0.5999999999999999,0.38090264161152937,0.49919945201138116,0.3942397376272634,0.7999999999999999,2
37,0.3624513372981466,0.7022859233439362,0.8648830093427369,0.821382593143964,0.9020487904845587,0.8220193516780228,0.4512598214303014,0.8252624832937994,0.8629854966534651,0.4324046388306381,0.26016320281174976,0.5207547696031993,0.21412684993497066,0.7852569097712685,0.2147430902287084,0.5999999999999999,0.36564124376160034,0.5258824312992683,0.38312493956138416,0.7999999999999999,2
38,0.35568207020783427,0.8114807448505985,0.8958668500650975,0.8189674401106681,0.8985678447012859,0.7594351132015049,0.45298722927987345,0.800127803689674,0.7865911209081276,0.4197682350999274,0.3481442912827859,0.5417070597501171,0.22045841313101278,0.779142499120214,0.22085750087977374,0.5999999999999999,0.37388354194025386,0.510716703416294,0.36848967692485923,0.7999999999999999,2
39,0.35294659026977615,0.8178519705769247,0.8729005942648802,0.7799894524104238,0.8884748127428386,0.795116313033418,0.4521703492385477,0.8106201999687614,0.7895802775601624,0.4409190832343421,0.3619550061574399,0.5198625250542024,0.12207248620794076,0.8779774796175495,0.12202252038238726,0.5999999999999999,0.3654526641441623,0.5029530256193877,0.41036485531631517,0.7999999999999999,2
40,0.35197042916121724,0.7857465350822963,0.8696926816154085,0.7886311153884504,0.8909321112934012,0.8004993032121206,0.44494101343170045,0.8072045508831123,0.797022105784265,0.4482315124210123,0.2520063329200153,0.5664615051886716,0.0925888646698354,0.9070882609962259,0.09291173900378169,0.5999999999999999,0.3601090890949145,0.519551566905798,0.3876600280720429,0.7999999999999999,2
41,0.3579537447048524,0.8198866391193462,0.8757314581475242,0.7761578451726661,0.8891862319464165,0.7867796737805293,0.45327418833726885,0.8126742372796418,0.7525320269903091,0.4425781610860821,0.23804650605145206,0.5063516075422883,0.08177032533916417,0.9180292589548402,0.08197074104516844,0.5999999999999999,0.3737325626200653,0.5056180216443145,0.38725407972633163,0.7999999999999999,2
42,0.36592054204131785,0.8264592488008304,0.8867214914501191,0.7773904089808297,0.8932923152002734,0.7886713669568053,0.456744392390552,0.8129822182198325,0.7038804264370242,0.41810520692411407,0.17348457144379825,0.5434053172338401,0.07413500083126223,0.9262391564335302,0.07376084356646118,0.5999999999999999,0.3785364052046122,0.5058306971800006,0.3855084903183731,0.7999999999999999,2
43,0.3629035473074578,0.7557207970939999,0.8784202592719177,0.8068824155505561,0.8980859766285174,0.8064875522717898,0.45415728735823746,0.8348214858315164,0.8942956179555495,0.44136140270100827,0.24642707467045644,0.5583711879987334,0.27476444790909227,0.7249918767220829,0.27500812327787116,0.7999999999999999,0.3621339286557105,0.525623000032325,0.40287432259630374,0.7999999999999999,2
44,0.361327923941273,0.8126131191450554,0.8847703578622166,0.7648765846380225,0.8889360140908142,0.7903838458730661,0.4550058735286362,0.7981052215328772,0.7797442887252544,0.4526552209614885,0.29158600214322083,0.5441405531019017,0.13576215897126076,0.864350239112327,0.13564976088767366,0.5999999999999999,0.3649101505524903,0.4929708668363937,0.39360262624140285,0.7999999999999999,2
45,0.3630458528051357,0.7427129122278586,0.8760989987691723,0.8031996056331847,0.8974755066031197,0.8109501932432295,0.45355577249791135,0.8336120823368203,0.8940286437589862,0.4420324414746775,0.23506584891852622,0.5973029540955246,0.2650669843531688,0.7350864043585628,0.26491359564143124,0.7999999999999999,0.3606722619799709,0.5216027594710306,0.42464933512886927,0.7999999999999999,2
46,0.3628068495445824,0.6990429546148675,0.8649522007135471,0.834849500963474,0.9058596728912278,0.8174366357718554,0.452171030610952,0.8345565467581777,0.9018169271799366,0.4281593640836508,0.25690110428439006,0.5065630393359994,0.18793399936416222,0.8113605164296165,0.18863948357036975,0.7999999999999999,0.37003527863418706,0.5411817062804831,0.3925212628591369,0.7999999999999999,2
47,0.3723252891212059,0.7586758534833109,0.8937488178125659,0.7877495941757466,0.8990126004730288,0.8112906372605835,0.4607729763915267,0.8232174545032154,0.8665672048064721,0.4145024979466269,0.21664607615256104,0.6107847829365547,0.29169119304935975,0.7078651639890787,0.2921348360109164,0.7999999999999999,0.3721313123578978,0.535999803612558,0.37622887666588023,0.7999999999999999,2
48,0.3612659533902225,0.7924731415391193,0.8800423619484763,0.7778814047642029,0.8917284662813796,0.803403528206502,0.45192321022990567,0.802151617524854,0.7843254538007045,0.4384850905385999,0.2720080950048265,0.5651808167831194,0.1257654413941509,0.8740226211332007,0.12597737886679283,0.5999999999999999,0.3660830951794113,0.4991540644224286,0.3937804826845269,0.7999999999999999,2
49,0.3642154513756253,0.7065388023079322,0.8714940307123971,0.8070345645222172,0.9018425646623245,0.8353017533474372,0.45172998758762994,0.8299781961854495,0.9014995990159207,0.44759855318547387,0.22999314679212635,0.5080075156358668,0.21264381955363376,0.7875014634206963,0.21249853657931794,0.7999999999999999,0.36219882157295885,0.5353954550140836,0.35104308851032107,0.7999999999999999,2
50,0.3590143313920062,0.8405910342223137,0.8783638868499433,0.7659020199488102,0.8876765843195813,0.7781230346257644,0.4556009811729027,0.813670487436809,0.7185574201945144,0.4229691453114281,0.24520972946913067,0.5645392911118399,0.0966087471515209,0.9031797453264814,0.09682025467350286,0.5999999999999999,0.3711733454256263,0.5098016919536998,0.3879233613630809,0.7999999999999999,2
51,0.3523273148920997,0.8415023437752325,0.8983807206604995,0.8213129081498405,0.900520113334373,0.7458069390558535,0.452335880659381,0.7893351718079009,0.7384615113369648,0.4291352182562746,0.3336356455682816,0.51210868840721,0.19278494505316246,0.8072206838239688,0.19277931617600075,0.5999999999999999,0.37845903555101945,0.5175798740592941,0.3631690701202651,0.7999999999999999,2
52,0.36048601221811394,0.7990495447535295,0.8882408439271396,0.8182835818004603,0.9018312891708782,0.7822616381461671,0.4592327595193616,0.8254537220590421,0.8582637791378716,0.4031431108926627,0.37343891400695717,0.5280334122977275,0.2803657003498614,0.7188173764628814,0.28118262353712,0.7999999999999999,0.3702591022015071,0.5202530130482992,0.4016966695084435,0.7999999999999999,2
53,0.35805062122582654,0.7958688668842342,0.8873249426436762,0.8116385276695022,0.8981418963847358,0.7815685216095289,0.4507871682431821,0.7976685027667714,0.7701622318000716,0.42776437215054036,0.2724565625278461,0.5560338406307208,0.1035360628927009,0.8960194705403373,0.10398052945964764,0.5999999999999999,0.3785815017648483,0.5064120563677312,0.39044689138349764,0.7999999999999999,2
54,0.35435528827204066,0.727613519750065,0.8685902026297321,0.8169779902140042,0.8980982805199307,0.8126394217014763,0.4452792101003259,0.8273633482704701,0.8911780109244205,0.43174077984497333,0.2432036414754284,0.5594312837649231,0.2315262140469656,0.768549215321664,0.2314507846783158,0.5999999999999999,0.35550444505762646,0.5432393308258594,0.34167786240457454,0.7999999999999999,2
55,0.3592679637590779,0.8275235484289283,0.8796815396310407,0.7981806536029534,0.8942557655653205,0.7631601875780234,0.4565472712248074,0.8099697849346621,0.7210194209336009,0.41776922204114136,0.33207267346643476,0.4941227959453542,0.058281904165795595,0.9414659785893529,0.05853402141062247,0.5999999999999999,0.38900230052859314,0.5090925486855138,0.3826886277662461,0.7999999999999999,2
56,0.3659244610826111,0.7199926931907896,0.8690217769008204,0.8141281788081418,0.9002618376511069,0.8221530824195611,0.45535366022012225,0.8338223254753079,0.9006621983397736,0.44512403164689546,0.251100028588199,0.5983072882581076,0.23438467777702954,0.7654953434597405,0.23450465654021002,0.7999999999999999,0.36724915649379003,0.5152269217844081,0.35924100805521453,0.7999999999999999,2
57,0.3603125792435611,0.7220966700072609,0.8623097107577438,0.8008208877691847,0.8974298036691668,0.8307180886366723,0.4505607963236157,0.8167472371334108,0.8648777305227497,0.4326554732017874,0.22002976279556563,0.5117930234843342,0.18468957575666423,0.8150069409946605,0.18499305900533614,0.5999999999999999,0.3632928126900181,0.5305316673099609,0.40239129915347627,0.7999999999999999,2
58,0.36469169651900635,0.6855484041400928,0.8625014928798469,0.820830436802519,0.9030254130505948,0.8357423511856723,0.4521243756021963,0.8341140640928615,0.9069190660629545,0.43594939388529724,0.251021205419935,0.46982175189600894,0.20370975715300688,0.7964479660036776,0.20355203399631705,0.7999999999999999,0.36749294716104264,0.5446578599845013,0.3856627998982417,0.7999999999999999,2
59,0.367362470044303,0.838642937107295,0.892508665880529,0.7678790280319241,0.8905752409464742,0.7822808567868265,0.46010651116437895,0.8079413813996557,0.7273152678030499,0.4316535229677942,0.2688600077679748,0.5456987744665419,0.1372530042256983,0.8636042642713018,0.13639573572866937,0.5999999999999999,0.37895875155544306,0.5000123927476863,0.3951256365260568,0.7999999999999999,2
60,0.3631928894015468,0.7729883352477316,0.884717348426235,0.8106636064029749,0.8974196244802497,0.7907159537336952,0.4548107039563474,0.8006844315095438,0.8014710012203068,0.43365547096374796,0.28818316406614874,0.5006721971829138,0.17507908464233424,0.8246501016993841,0.17534989830062386,0.5999999999999999,0.3817591043462871,0.4954684905967086,0.38303122219336416,0.7999999999999999,2
61,0.3501961299832973,0.757872648816516,0.8625033862692433,0.8002794647147442,0.8941799425328052,0.8092207410946912,0.4436529479512046,0.8101921143706583,0.8270006715374336,0.4377249680720487,0.25060809727111155,0.5990191453762369,0.1518609253837866,0.8478984212222147,0.1521015787777742,0.5999999999999999,0.3568500647219002,0.526934619043089,0.4020048113501823,0.7999999999999999,2
62,0.36528174972209393,0.701765547487355,0.8674774372949223,0.8249354386125227,0.9022458264596211,0.8177681349301338,0.4541874019215817,0.8293069557935018,0.887748298984036,0.42612106531609445,0.23003852045619344,0.5600979803617393,0.22761463661858272,0.7725085548335617,0.22749144516643582,0.7999999999999999,0.3735196702400527,0.5127042556549672,0.3900449701725063,0.7999999999999999,2
63,0.36616255723150193,0.7364637922430006,0.8798296374909167,0.8116796409510956,0.8972619823327481,0.8073429825780067,0.45547093411394035,0.8140765276482627,0.8599909943376645,0.4331018520382666,0.2612363032321381,0.5141769763901403,0.20351110731652966,0.7960953605214107,0.20390463947860837,0.5999999999999999,0.37705031936659533,0.5120693041089297,0.37927669649955853,0.7999999999999999,2
64,0.35970678954423874,0.7150535502331934,0.8603566318667777,0.8088901293420356,0.8990522002881278,0.8279167490891837,0.44933395935380305,0.8105700824953461,0.8525046699236327,0.41999794682836217,0.22896263071155487,0.5000042163660532,0.17345803406034577,0.8265306811626987,0.17346931883727734,0.5999999999999999,0.3704795236853102,0.5254938827609394,0.36874909235007947,0.7999999999999999,2
65,0.372781263390066,0.7555415998611181,0.8925021517029663,0.7889679791779671,0.8993310205230609,0.8141718952582551,0.4611761104235784,0.8220161010499922,0.8643506899365718,0.4247906592030087,0.23252055485359224,0.5779210255099914,0.2789780543851066,0.7205432730282966,0.2794567269717163,0.7999999999999999,0.3730175387766782,0.508052418787085,0.3933492259843664,0.7999999999999999,2
66,0.3572874935844159,0.7403849298523824,0.8698596422566485,0.8117948191700743,0.8968459428726885,0.806228194921232,0.44917758303390265,0.833822425936398,0.9031962893833168,0.4554547152313935,0.26169170191292523,0.5464588307708185,0.21894466836404547,0.7810933345548812,0.21890666544511816,0.7999999999999999,0.35731840068903364,0.520627816886132,0.3713528311556845,0.7999999999999999,2
67,0.3646023037964288,0.736149845766704,0.8745661441638963,0.8148507665934916,0.8998568191454164,0.8136124057245411,0.4548627098974808,0.8326166712739898,0.9013553913047758,0.43985942803474626,0.2277040762106708,0.5493980313306126,0.24344812933003368,0.7561684513432441,0.2438315486567717,0.7999999999999999,0.3671206809736936,0.5229545681745469,0.42010051249595615,0.7999999999999999,2
68,0.3591210527963167,0.7924814260822188,0.8671661674478826,0.7852947169049429,0.8947898784095731,0.8052458865776657,0.4517616899452126,0.8086130944655869,0.7572354645714086,0.4278750415539024,0.2140498801179258,0.5401555716464717,0.06903099085940312,0.9310074533815498,0.06899254661844623,0.5999999999999999,0.37119246506619386,0.5110277383018722,0.38426270286696396,0.7999999999999999,2
69,0.3620783012830895,0.7640105428627919,0.8802649571285597,0.8068382548680955,0.8981227441965649,0.805739417104121,0.4541391429491157,0.8350449445021593,0.89042286972591,0.4413408259029263,0.2332966479348071,0.5579119111018702,0.2823638284122154,0.7174124001654332,0.28258759983458503,0.7999999999999999,0.36175261311508794,0.5016790773153994,0.37819088240473187,0.7999999999999999,2
70,0.3216133779280552,0.6586832535529936,0.7749287249229277,0.75781552219612,0.7736866869015677,0.5752588280859072,0.414935543947351,0.8372825631712077,0.7317557016242517,0.2339802419879769,0.23969011264490536,0.75940629068674,0.26301197821432254,0.7369074139895808,0.2630925860104014,0.5999999999999999,0.4493322008666151,0.31234998055175467,0.1241428018001346,0.5999999999999999,3
71,0.33073995131471823,0.7042329407123589,0.7787635570680436,0.7694274851167631,0.7577414855972813,0.5490207070221231,0.4240210099139696,0.8352389630008978,0.7538492583141476,0.24266960638906215,0.19347890382165756,0.8388191089032554,0.27053634087762646,0.7294090542308311,0.27059094576914333,0.5999999999999999,0.4518614314063648,0.36548413703038585,0.04603900925350701,0.5999999999999999,3
72,0.328505633507982,0.704442905143992,0.7816022493737533,0.7592971733661855,0.7607266672714252,0.5434531640552791,0.4229632497654555,0.8361616984749831,0.7282627106615962,0.214333570284803,0.1771612044424251,0.8166041635086785,0.26981721827773697,0.7301231612418739,0.2698768387581083,0.5999999999999999,0.45219052133892357,0.36289110664418334,0.09909311021579337,0.5999999999999999,3
73,0.32033037749805204,0.6687064736719037,0.7766746150849582,0.7766406540752406,0.7791496462784171,0.5966843539095521,0.41061628086057245,0.8172776629639389,0.7268802810675652,0.11967666185242237,0.2901738272890457,0.7662793386746937,0.27269249382696614,0.7272205487667258,0.2727794512332906,0.5999999999999999,0.46179503646409803,0.33249067207907546,0.1129695235142163,0.5999999999999999,3
74,0.32880899211624814,0.7015194778651903,0.7729443611500109,0.7911458461340506,0.7738913552643107,0.5977839307626027,0.4136167085798441,0.8128449728024376,0.7157553191758268,0.12460833597426163,0.258171516355465,0.7493967201459544,0.28975726896737797,0.7101597070899821,0.28984029291004276,0.5999999999999999,0.4528253368060876,0.30150517497032525,0.13940581152975373,0.5999999999999999,3
75,0.338844819338866,0.7152514462747774,0.7695506177260281,0.766455912345847,0.7758285177572846,0.5761341071731181,0.4178159131078224,0.8177665933426039,0.7409806699270121,0.15068159159913558,0.3217679097155064,0.870613548540486,0.2832043760923568,0.7167048341257822,0.28329516587419334,0.5999999999999999,0.4486551963539209,0.3083366146231872,0.10420931223197061,0.5999999999999999,3
76,0.3311033374302219,0.7106484706154674,0.7813962818619131,0.7614894999615656,0.7487052310280029,0.5408323024992683,0.4248224918021597,0.83292352831203,0.7538013786896158,0.2110922601386585,0.21820665087949354,0.7816750310592588,0.27603088737623693,0.723924362739065,0.27607563726090234,0.5999999999999999,0.45381924875441887,0.3263889484949123,0.0,0.5999999999999999,3
77,0.3299267711585556,0.6890134259333252,0.7715596908645816,0.7793667264446191,0.7748401282727195,0.5727405315552687,0.41670655089631115,0.8313075603189091,0.7478669887885303,0.07582025291527689,0.318742960075064,0.8905740689319123,0.27313716958825296,0.7267813806656978,0.2732186193342727,0.5999999999999999,0.4430610439404045,0.3342481193018023,0.10989062758274593,0.5999999999999999,3
78,0.3257776061349258,0.6675752839948359,0.7712792513646518,0.7503110796103356,0.7649832645240286,0.5743223682640064,0.41589356144551604,0.8231007418114304,0.7185850340954687,0.10763439062537145,0.2704596050919337,0.7245249404059426,0.2880238073620376,0.7118935065647809,0.28810649343523664,0.5999999999999999,0.4535054571325944,0.3440167307931963,0.09670714857019269,0.5999999999999999,3
79,0.33577730299607234,0.7166164294577868,0.7751787532314325,0.7572476188880573,0.7495872846953071,0.5275883031058584,0.42592398153395106,0.8344478343044173,0.7451598363084599,0.14163337640116996,0.2589608058091075,0.7545186499344925,0.27993588825411564,0.720015324058467,0.27998467594156295,0.5999999999999999,0.44739302785932833,0.34080794621263655,0.08636026829842469,0.5999999999999999,3
80,0.3307504841668002,0.6741403773884542,0.7629963575866128,0.7741347583940712,0.7782986590089258,0.5928687935522703,0.4131297437551764,0.8061477081614863,0.7029070672789715,0.18219831147252702,0.30246257073103244,0.7481966628039464,0.29417832314037184,0.7057226573408732,0.29427734265915717,0.5999999999999999,0.4572238367530523,0.3578746090438101,0.020517793286109254,0.5999999999999999,3
81,0.32873227582881737,0.7041336818742252,0.7787152372306061,0.7782962310391066,0.7687526877965061,0.5748347078281881,0.4166087801724979,0.8168553913667285,0.7209063191677103,0.1516738486314691,0.26397083826329193,0.7387028340028947,0.28501531825608595,0.7149080117283217,0.2850919882716738,0.5999999999999999,0.45731978637614606,0.3122714057485041,0.09109997113260171,0.5999999999999999,3
82,0.3312682787010106,0.7007224171948394,0.7732937867868082,0.7710669807812933,0.7667376812140023,0.5746008197294827,0.4179214252600526,0.8200797793999308,0.7369129059221109,0.1470469561410081,0.29523862254229494,0.7769263704390204,0.2842634418848604,0.7156602440689566,0.284339755931029,0.5999999999999999,0.45401323506474345,0.27214418168877264,0.10713001669851663,0.5999999999999999,3
83,0.3346029571650866,0.7099509067408007,0.7752830297851985,0.7596463716353901,0.7559652488313477,0.5485425495145364,0.42283152373330035,0.8344613204107325,0.7396423454461285,0.12358441320407715,0.27263565590511973,0.8317438093897456,0.28293947770121974,0.7169983094056207,0.28300169059433244,0.5999999999999999,0.4418999982620811,0.322314009385146,0.036463882035996376,0.5999999999999999,3
84,0.33518472255841913,0.7068594911677906,0.7736262137644581,0.7567204445744116,0.7533342940962438,0.5451769407938514,0.42343176713777453,0.8314566396249019,0.7402288451098684,0.12684402789849364,0.2797186379451153,0.7623871989374829,0.28626030002749303,0.713679130322906,0.28632086967709824,0.5999999999999999,0.445084803548551,0.3326696174725734,0.04483306148006583,0.5999999999999999,3
85,0.3270752533859911,0.6689206326296926,0.7703767584911232,0.7621143305868823,0.7707651082920635,0.5826365870954646,0.41495592830328354,0.8191171534426596,0.7351847463834247,0.14557448895963804,0.30156368310462156,0.7493272408106627,0.2810573638368936,0.718859016921356,0.2811409830786431,0.5999999999999999,0.4562702929519678,0.31725769928049163,0.09287451942808667,0.5999999999999999,3
86,0.3243881409589574,0.701163515246293,0.7976113575556394,0.742236266573276,0.7530272466477772,0.5392507594074232,0.42308422860401496,0.8320577811733683,0.7433882596380386,0.25805181888294565,0.27649264366170145,0.7257905878392212,0.26201271800314885,0.7379379932403569,0.2620620067596775,0.5999999999999999,0.4722204830708009,0.3338869230540926,0.12605214680463095,0.5999999999999999,3
87,0.32333224331462884,0.6754862685300225,0.7714232043062637,0.7886524781354876,0.7831838282689116,0.5927399181417172,0.41213176416037334,0.8198479564617263,0.7319627611754811,0.19952552609852575,0.138507920976501,0.7975342413136444,0.2704721753201085,0.7294374476170906,0.2705625523828985,0.5999999999999999,0.45759582321026593,0.31184278803151266,0.13742030337079003,0.5999999999999999,3
88,0.3282840403190065,0.7016208067057903,0.7756953324751577,0.7795308419727944,0.7712756408919308,0.567211341414918,0.4185137877815135,0.8306652233317042,0.7245614122689119,0.2196220648485277,0.17666698267078562,0.8424077424372001,0.27502787102659454,0.7248971147893286,0.2751028852106572,0.5999999999999999,0.4474805784984464,0.29997269344704147,0.02840157713160929,0.5999999999999999,3
89,0.3369797482634773,0.7023528303407716,0.7680194477056943,0.7553024074160892,0.779527295850253,0.5906185695723138,0.41654594129679134,0.8186636873511504,0.722174578355208,0.12869524790340864,0.3168693597042609,0.8065698720344057,0.28487109934715704,0.7150270943030197,0.28497290569696077,0.5999999999999999,0.4482824157749209,0.2922165740511957,0.11564454232463184,0.5999999999999999,3
90,0.327067948196588,0.6971908862047087,0.7753015045026987,0.7872876883734676,0.7793991644984286,0.5708807996634278,0.41592208681992315,0.8314044898542756,0.709952113809976,0.21245268911380105,0.1425234601207772,0.8474900498921233,0.27518085217914745,0.7247296034549571,0.27527039654502516,0.5999999999999999,0.44768459445641173,0.31940964080571477,0.11453675240191041,0.5999999999999999,3
91,0.32733598639949923,0.6777631506105877,0.7705139320483865,0.7722702480839136,0.776016672199022,0.590146142445235,0.4151456533465113,0.8288203201038258,0.7593060202907225,0.1812488768838822,0.3044053426858939,0.8890558364714717,0.26859882453530304,0.7313192917346347,0.2686807082653928,0.5999999999999999,0.44733420655319156,0.3182618991818078,0.09131605119863817,0.5999999999999999,3
92,0.33932193208216355,0.734990623485487,0.7733440852264437,0.787232697660186,0.7887793388284494,0.6032666066565753,0.41292965791213987,0.8116866112931456,0.711996902857635,0.17703052361676191,0.33911503106638374,0.7925745517742491,0.28887739645693955,0.7110145966084751,0.2889854033914929,0.5999999999999999,0.44374783719150074,0.25717435310258474,0.11686572035245502,0.5999999999999999,3
93,0.3316536680312774,0.7083217438229212,0.7692222242013516,0.7931566123481177,0.7717005130499974,0.5914846141233738,0.41526947597024166,0.816239641195571,0.7215816191452973,0.1084672058304908,0.23054558133008252,0.7653504604799163,0.29239131641040217,0.7075274304317551,0.29247256956823264,0.5999999999999999,0.44688039900581045,0.27851301966745035,0.2040072250221322,0.5999999999999999,3
94,0.3247588735457264,0.6701438212005826,0.7719982452029404,0.7672799357851194,0.7751160299069288,0.5920769093267495,0.413672551946241,0.8281263176191291,0.7459448226209417,0.1635762397713892,0.30948700414754526,0.7633796595969412,0.27107881648815635,0.7288388268591732,0.27116117314082544,0.5999999999999999,0.4480831679546995,0.28194155217814854,0.11723882420172815,0.5999999999999999,3
95,0.3357541438833135,0.7362868585405806,0.7696837879604346,0.7986361403114643,0.7831331524136902,0.5665385943943306,0.41761601521442115,0.8287578191476899,0.7285442600307874,0.20752149756591703,0.2578012523747175,0.9948300335485379,0.2772659385926346,0.7226377907765613,0.2773622092234689,0.5999999999999999,0.4463364441383154,0.29797063093471676,0.13195879995819004,0.5999999999999999,3
96,0.3358882080387078,0.6917574601238243,0.7670937357123997,0.7478748052020734,0.7693641991981126,0.5539542427314359,0.42111815780178674,0.8311777315360971,0.7593606700903877,0.1278345302055906,0.3543241899693488,0.900165140065744,0.2715891513004465,0.7283301131763058,0.27166988682371596,0.5999999999999999,0.4466514643418312,0.31167603993822857,0.11720995891428265,0.5999999999999999,3
97,0.3258172741095533,0.7040704868580576,0.7807330450229395,0.7809541899020394,0.7718610521437954,0.5794731773893318,0.41515421668158226,0.8138558584328324,0.7111530682188629,0.18617955374891965,0.2661105550807241,0.7802667527859496,0.2833199546078049,0.7166017312964958,0.2833982687034933,0.5999999999999999,0.4624218913843795,0.3221891806820507,0.08234497200215174,0.5999999999999999,3
98,0.32644028693644134,0.6884340197460688,0.7845617886880605,0.7463128202777809,0.7588359763922936,0.5244843269063608,0.42449452563981904,0.8330754678091805,0.7334997210896859,0.23092472037134643,0.25108260926529047,0.7268077310508805,0.25970903561371017,0.740234582009083,0.2597654179909199,0.5999999999999999,0.46888779576748546,0.30352812439707266,0.09548872023276944,0.5999999999999999,3
99,0.3304845610707563,0.6707709191067863,0.7715536740308708,0.7471916186095302,0.7649135395463684,0.5501630278272387,0.42195211111217434,0.8479380384959752,0.7694316218816084,0.19404917720241827,0.28428640244832093,0.8784515891274179,0.2579925306382762,0.7419404568379453,0.2580595431621049,0.5999999999999999,0.44275043635749495,0.39175264762170325,0.08882769171519256,0.5999999999999999,3
100,0.33872827273799877,0.722544360891817,0.7689762479922713,0.7880848809224039,0.7727234225906481,0.5622551636934645,0.4213456501147199,0.8287753339395529,0.7707246556585687,0.20639929164736587,0.3086403475612396,1.0,0.2729709828787179,0.726954496260789,0.2730455037392119,0.5999999999999999,0.44515246300872247,0.33260196414561105,0.1087403173239746,0.5999999999999999,3
101,0.33584792649601825,0.700793229014522,0.7673318315733637,0.7675706406431448,0.7889258187202286,0.6133054164267833,0.41240593960527505,0.8112795036407399,0.7102324039325651,0.16221675624093596,0.3694657828621153,0.7943152582250729,0.2827340070296174,0.7171567801441203,0.28284321985587724,0.5999999999999999,0.44796778182009106,0.28297580199433914,0.09356749479988569,0.5999999999999999,3
102,0.3308916040734804,0.6834768404540057,0.7714640937168447,0.7485524032049615,0.7647469256985615,0.5351635234017635,0.4239712066614565,0.8448708999106576,0.7490510155123786,0.18378498863201492,0.16177929569854355,0.8326958543817227,0.2555826646953676,0.7443545145692843,0.25564548543070487,0.5999999999999999,0.44728364192599895,0.3515905108831503,0.06251314407540398,0.5999999999999999,3
103,0.3294899344127493,0.6718689197123524,0.7648283919563579,0.7631334849601634,0.7824273976439307,0.6066373643155885,0.4128307553065611,0.823000611637841,0.7553925334016469,0.17516174923501887,0.3637920054869863,0.7525072096962578,0.27267907644893796,0.7272231174043284,0.27277688259566446,0.5999999999999999,0.4485708864480589,0.27605294463424035,0.12392820816705319,0.5999999999999999,3
104,0.33488853439191657,0.6977825308291585,0.7733449786680311,0.7596604570183922,0.7613851836563481,0.548750493410239,0.4238295525964627,0.8409741866705625,0.7759414493916097,0.12178471702136667,0.2788487882564099,0.93488446714799,0.26508108261174357,0.7348605491469289,0.26513945085307,0.5999999999999999,0.44188584680734483,0.3547558219365934,0.07108000706279849,0.5999999999999999,3
105,0.6110733911499557,0.30167379109380477,0.3283710230547454,0.2676969344885656,0.263711726103268,0.6894803836655683,0.8200612267256552,1.046415888161789e-06,0.1687147492497445,0.763889845331313,0.3167946550676619,0.6546347852874366,1.0,0.0,1.0,0.0,0.5822027417196184,0.4398099893536678,0.6575353538744598,0.5999999999999999,1
106,0.4320844529943042,0.9203279572620602,0.9722874276723827,0.8296699761669726,0.9999999999999998,0.9529619691770677,0.5177016071271229,0.806982382742303,0.511060141096948,0.5817945449805386,0.29066394604291323,0.8554886853464786,0.44377426212425064,0.5560978314810503,0.44390216851897435,0.7999999999999999,0.4885480093284858,0.35643333035237523,0.5858960379733872,0.7999999999999999,1
107,0.4018036777155387,0.8821831025684332,0.9582757050360236,0.8581566554121918,0.9976892953946701,0.9559447067934457,0.5055883991388052,0.6718787922478688,0.718493680574511,0.5491192154997038,0.1912461362605855,0.8757271108951671,0.3435139240066576,0.6563638186763388,0.34363618132366014,0.5999999999999999,0.5887976242036794,0.4347739579101222,0.4925186953151838,0.7999999999999999,1
108,0.3924660251809431,0.9457616231794077,0.972719060980807,0.8702601720748948,0.9961050583999203,0.9559075027285076,0.49770269950640356,0.7311947071446829,0.6269363174185969,0.5217873620127864,0.13318409762510353,0.8479212998957106,0.29943765368432196,0.7004427731420189,0.2995572268579707,0.5999999999999999,0.4655031880745831,0.4125084590666197,0.5179030770822476,0.7999999999999999,1
109,0.6081230479764896,0.4298396048241955,0.32134927081260223,0.18281962242770433,0.16437710848872866,0.45616779959016185,0.8683747724879894,0.005956282884280739,0.23027235692501336,0.7168133391952376,0.22012346215925982,0.6657304736944545,0.7004252650526723,0.2998260963989378,0.7001739036010832,0.0,0.5845628107904757,0.7059873633144671,0.6646558818478964,0.3999999999999997,1
110,0.4012240728565233,1.0,0.9999999999999998,0.7257105038500171,0.9639597178327415,0.8969007669693951,0.516734244166361,0.6875977564312639,0.6450894934935434,0.5578301038630016,0.0,0.9473406310221438,0.24486636538112805,0.7553128339986133,0.24468716600136986,0.5999999999999999,0.594175686427848,0.3584213613832037,0.5858528693679782,0.7999999999999999,1
111,0.38915157319062765,0.9328613928054494,0.9717079874926766,0.7954230197871848,0.9822796082896128,0.9417703946880351,0.5050680098332213,0.7597364199666121,0.5284707847467018,0.5291514196557063,0.0011115161144732433,0.9541261225155717,0.2520164786176906,0.7480490496177492,0.2519509503822235,0.7999999999999999,0.4618520705329514,0.3543086194667411,0.568314586092923,0.7999999999999999,1
112,0.4009038902683866,0.9166725462663692,0.9895551665029567,0.8275888504538438,0.9920543920144753,0.9634066340969412,0.5005620642305416,0.7360395795090537,0.5710816637000846,0.5464602423833886,0.12507557659640955,0.9575804944013392,0.2535691105008766,0.7464128231772573,0.2535871768227054,0.7999999999999999,0.47551279649156825,0.3720162556949831,0.5377190383048401,0.7999999999999999,1
113,0.7491465920233709,0.2501866133059423,0.11424753875387661,0.11397623190545891,0.18494609840361242,0.4816985219339358,0.7768165292681256,0.0707444338698473,0.0,0.8085419935559819,0.8071354737460046,0.5650797774314041,0.5450042976045921,0.4549980157417041,0.5450019842582918,0.19999999999999973,0.6964354292715682,0.7951800441410684,0.6984532953848751,0.19999999999999973,1
114,0.42561455578645924,0.8913301826711404,0.9357964974043196,0.8364836665710329,0.9655696932790507,0.934751016103462,0.5124626401935878,0.7442051143840216,0.7090164623219266,0.6250881529187144,0.04094499132720175,0.8210174925358952,0.24762113671086183,0.7523187402083511,0.2476812597916478,0.7999999999999999,0.5494226116801505,0.49272152245940437,0.5081054741070575,0.7999999999999999,1
115,0.404176666330333,0.9484545654480883,0.9543364054399139,0.8668099010466284,0.9855235515622314,0.9519086163647899,0.5029092527287781,0.7410555931186125,0.616563995739881,0.6600651122834333,0.36957433733348144,0.8881920031287543,0.24614170696467852,0.7537876264718582,0.24621237352812386,0.7999999999999999,0.495612759951775,0.41851511359071636,0.5681591531034135,0.7999999999999999,1
116,0.4074330354663236,0.9101567124325811,0.9810425413390795,0.9023034988321363,0.9940396306249395,0.9813239604610544,0.49415643531306264,0.7407715626609368,0.634832017937498,0.6656354546385146,0.10177327239773648,0.8375609705329131,0.23364753932486337,0.7662434983260684,0.2337565016739518,0.7999999999999999,0.4733791178604889,0.40451750731744407,0.4775556910761999,0.7999999999999999,1
117,0.7331214932224279,0.2642881698169788,0.10261835935486352,0.0,0.12220557705704005,0.4483958558632253,0.8068851964078002,0.0935429084827395,0.017983922370774508,0.7165989828779837,0.7029359893313716,0.5585610989502766,0.5332052546648214,0.4668102460495919,0.5331897539503956,0.19999999999999973,0.6818235909332996,0.9711111531099132,0.6983443276605709,0.19999999999999973,1
118,0.42079376615775854,0.8583341296936737,0.9031913415546595,0.7442481264514047,0.9657516208655907,0.9456471692831769,0.5048653372887436,0.7468757596382807,0.6071777483124094,0.509502875066586,0.2794048339931863,0.8419380591549827,0.22110990304460643,0.7787931030634276,0.2212068969365788,0.7999999999999999,0.5132828427491032,0.5324777645125656,0.44794091149634185,0.7999999999999999,1
119,0.410158241288868,0.9251464123824462,0.931699112076849,0.8185747623509121,0.9749100092218439,0.961633111234562,0.49888743091582366,0.7653621023779535,0.6346714105808076,0.5269363049147513,0.2957958842697417,0.9094810255733002,0.2260720713298099,0.7738350418218132,0.22616495817815974,0.7999999999999999,0.47177076346432767,0.42064529331512324,0.5594070670501264,0.7999999999999999,1
120,0.3954500703972832,0.9511010418006549,0.9633444856423681,0.8240937000392781,0.9950321466736052,0.9507567046269401,0.5000438453172354,0.7398430168879411,0.5890805559452019,0.5075470999758307,0.2025991057834875,0.9648716899386715,0.24857341851193837,0.7513821562615239,0.2486178437384865,0.7999999999999999,0.4710530480419161,0.3793986938806315,0.5382760457403869,0.7999999999999999,1
121,0.6110283207116525,0.30148574022246066,0.3284061860350136,0.2676955468476079,0.26371992778105047,0.6894978397621685,0.8200068631364242,0.0,0.16878539110098245,0.7639532167019203,0.3194337413268449,0.6551140261216107,0.9999838689069946,1.5764173812160553e-05,0.9999842358261901,0.0,0.5821597822842225,0.43807267729018373,0.6576804277954614,0.5999999999999999,2
122,0.3870950554784689,0.8414739204697241,0.9255805549731113,0.9412313611406593,0.9620919005927819,0.8971926394115712,0.46755929918298644,0.8006722518373872,0.6231732843431814,0.4446934185760569,0.39899435341531597,0.3937345325279918,0.429793257004647,0.5698702724369014,0.43012972756308443,0.7999999999999999,0.4496605473527481,0.40012512536337796,0.3768655776052038,0.7999999999999999,2
123,0.3659938621898773,0.7863206074520406,0.8712163243947841,0.9083623343179541,0.9280974946522458,0.8777838154653068,0.4544381738874872,0.7968520526712461,0.8845218105888364,0.43979310366339425,0.2944789660791649,0.34254330011642825,0.32119575610137474,0.678783610790975,0.3212163892090274,0.5999999999999999,0.43126853530969295,0.44811796041503005,0.4068469238733524,0.7999999999999999,2
124,0.3584028897672633,0.8011381781277294,0.8862967756230351,0.8525929136176389,0.9088499881589025,0.7653874410158323,0.45546735612313105,0.8083813766272938,0.8494737322355945,0.43100422550514567,0.3357672442241362,0.5076729873556607,0.31869400036217144,0.6808800578430871,0.31911994215691664,0.5999999999999999,0.37342923530866146,0.4903930824455749,0.3944257629855302,0.7999999999999999,2
125,0.5568511871776687,0.2639378248459252,0.24267856458607828,0.10723178927064181,0.10683930083953519,0.3393374127330162,0.856955486110235,0.08893959634614723,0.42542915993081465,0.5846402679018379,0.3852269307048577,0.666850361783679,0.5979655185548012,0.4017331640645669,0.5982668359354335,0.0,0.4675852237005428,0.7467009399834759,0.5878642659382703,0.19999999999999973,2
126,0.3542852455584149,0.8621354186315102,0.8694667887042098,0.7262296400464612,0.8425372914142268,0.6515997195554633,0.49800270369027355,0.7543621163195284,0.9032212998268676,0.43491258400442073,0.21349987535883175,0.6642100793835122,0.24588024025919708,0.7593831655150998,0.24061683448485383,0.5999999999999999,0.5016424564715684,0.5166894767787655,0.4366157564099077,0.7999999999999999,2
127,0.36364348941886004,0.8424741602578933,0.8935674011216952,0.7195554446252799,0.8670735173038275,0.7252681894505031,0.4759001825263095,0.8188864311456394,0.6916092856467628,0.4336065387997344,0.35792018565175554,0.654190663324358,0.1741616132747481,0.8295752736072317,0.17042472639276696,0.5999999999999999,0.3755237155089062,0.492863650906463,0.4093820911978495,0.7999999999999999,2
128,0.3655226848662474,0.7603430432306766,0.8645281708757044,0.7607570268666959,0.8884634254984414,0.802332478592632,0.46731349445317716,0.8117125425963578,0.8165628937997838,0.42517003302437867,0.24323748007952783,0.5976709087263196,0.23772806347361097,0.7619184624430584,0.23808153755693695,0.7999999999999999,0.37564428747298423,0.4856472638255096,0.4059962933345257,0.7999999999999999,2
129,0.7159432324075379,0.03867926107528774,0.05101395142166165,0.0886922561723904,0.09452298076406107,0.3357738492632052,0.7620522643108482,0.13060961230520185,0.11737237651820465,0.6880129909252419,0.8318854120556045,0.3791427900498348,0.48101247342260933,0.5186973400306236,0.4813026599693728,0.19999999999999973,0.6244275405667893,0.9294427021583915,0.49367988771703575,0.0,2
130,0.3391260569794827,0.8969435068151768,0.853493922676557,0.7996219185702467,0.8880440152637916,0.745068107413374,0.4656370166620336,0.7914414260501637,0.7014083339951469,0.5285215281086049,0.1455713729371979,0.6540984294142705,0.0867613328624941,0.9130820484982831,0.08691795150170378,0.5999999999999999,0.44747307990446283,0.5076405334456002,0.38673656089632835,0.7999999999999999,2
131,0.3552832849731664,0.7665644120505988,0.829962906792262,0.8211774592758481,0.896581174461587,0.779874730335564,0.459860577429561,0.7966284643652413,0.7893054576317695,0.5215870361255524,0.5473990892777616,0.760725876346894,0.11557488703584795,0.884298286190788,0.11570171380920158,0.5999999999999999,0.4033743439665779,0.4956738953561004,0.40657048074908697,0.7999999999999999,2
132,0.3669096436382371,0.8365788890813803,0.9072251655727952,0.7859415958922371,0.8903431327004852,0.758124185772374,0.46188844385877925,0.7891085936301845,0.7264407805479038,0.519572753146748,0.2693609484917787,0.44717663776181643,0.12187009242381919,0.877827551504081,0.1221724484959168,0.5999999999999999,0.39341929472048803,0.5077148299636138,0.3728599469962989,0.7999999999999999,2
133,0.7063044430062764,0.05155722612855129,0.015403536285325758,0.010816549935938058,0.05533975367061239,0.3143307238968873,0.7590853219412742,0.14043555038358635,0.1210209878635169,0.42548281888874,0.9203619093555417,0.41298760548352587,0.4982415745981541,0.5014264424481849,0.49857355755180777,0.19999999999999973,0.5756989731284949,1.0,0.6293133936778036,0.0,2
134,0.3609738060510488,0.8721718282185407,0.8405849575548767,0.7103228316212546,0.879016908300396,0.6530815864447277,0.46753744081010606,0.7954077870686367,0.5161767713456413,0.42065813551621417,0.4417220929928658,0.8924903170364156,0.09244296224012771,0.9070909387031436,0.0929090612968082,0.5999999999999999,0.46429854528340686,0.47695352241424205,0.4244311100340491,0.7999999999999999,2
135,0.37760175775928917,0.8303372828963518,0.8496161725206204,0.7283630199669484,0.8944795733309328,0.7507553853875493,0.4688477072997054,0.8086611700281148,0.6448596622050218,0.4036447624771992,0.43063544993816105,0.6872783174164241,0.0,0.9999999999999998,0.0,0.5999999999999999,0.41443378014934945,0.47883646198039753,0.4671183796672814,0.7999999999999999,2
136,0.36915865495225786,0.7649741224723243,0.874173838868576,0.7934896634897486,0.9013133332757335,0.8144390194204334,0.4576329926128344,0.8237924551797697,0.8725648431988304,0.446099100041404,0.28133608480320116,0.5557074501095848,0.253596592571256,0.7464590464424974,0.25354095355747575,0.7999999999999999,0.37362217364726935,0.5465007053267161,0.4108807867268277,0.7999999999999999,2
137,0.5823537403902179,0.0,0.17948475124508612,0.2010553251578373,0.10337199261004981,0.47255366415299704,0.7902476160433037,0.11392871117684256,0.42463667825219886,0.3858817277876298,0.7300190618939943,0.6634296198438974,0.9205895735493925,0.07885113458960896,0.9211488654103874,0.0,0.568938817643468,0.6899223330831776,0.45203658274976,0.19999999999999973,3
138,0.30402042120700523,0.5303026333037906,0.759652367603225,0.8017711331910085,0.7709169270596616,0.5538154944344456,0.40217652962932104,0.8630755454224011,0.6266270130457485,0.11009154047528097,0.5236252282142744,0.7829107260670298,0.4415703175586714,0.5581767685904473,0.4418232314095434,0.7999999999999999,0.48783142777695,0.362149339473014,0.06857582996691847,0.5999999999999999,3
139,0.316980646459443,0.6179056126035505,0.7613749103334351,0.7320442826903699,0.7655114212550118,0.5456285346930372,0.4126000516899546,0.7898350949987101,0.7937024807818318,0.15598204857277426,0.3874209960499897,0.813681270411273,0.36698521502559345,0.6328533489371975,0.36714665106279654,0.5999999999999999,0.5459900714538592,0.3835767050900576,0.1665990598290389,0.5999999999999999,3
140,0.31455401057935695,0.6342527753193963,0.7709422255561138,0.7615668178317874,0.7811348042975945,0.6210353420129309,0.40658693091842624,0.8179964977081935,0.7597705411203037,0.16681551901219566,0.29700835510894175,0.6959766297399437,0.322691264331894,0.6771748704671525,0.32282512953290166,0.5999999999999999,0.46069400931410687,0.34108930441591023,0.13552415944054164,0.5999999999999999,3
141,0.7704401842290702,0.23583458345126473,0.21967868836197302,0.04040880503145772,0.09413047981007616,0.3378621042835448,0.8842340585624952,0.0021302594020191634,0.27888925776605333,0.638006376544936,0.5519327088987884,0.7905429408558473,0.667604328307533,0.3325480208116975,0.6674519791883142,0.19999999999999973,0.7553711686285294,0.8128695110994859,0.6931535992705585,0.3999999999999997,3
142,0.30652357667090113,0.6016039672530269,0.7495622044194674,0.7895092159132342,0.8266513077705915,0.6414193098403302,0.38478042620022623,0.6850914738193497,0.6720306435253462,0.21008170414136235,0.4320534869808983,0.809456147224758,0.2418750888455179,0.7578895226623881,0.2421104773376186,0.5999999999999999,0.5920740221041616,0.5024396342529465,0.1340039324875435,0.5999999999999999,3
143,0.3313636831699809,0.6826480059433209,0.7519549648836363,0.788960308960375,0.7968023051682789,0.6427604199633947,0.4026892523151866,0.8102350508453979,0.613321288541016,0.2292401765707282,0.412034150918936,0.7660636951608444,0.2799937984723613,0.7198810822788602,0.2801189177211256,0.5999999999999999,0.45379711336424516,0.34386145356049824,0.10549430961593409,0.5999999999999999,3
144,0.33052243946349713,0.7009916230196325,0.7706705423512854,0.7907540980640144,0.7928759112349433,0.6409362032092645,0.40586184002353776,0.8155886954314722,0.7320283704682424,0.11125580710601674,0.34666028478101496,0.7677620097815347,0.2720315873672092,0.7278573269143886,0.2721426730856109,0.5999999999999999,0.44148297989162805,0.2751388508771766,0.0975180792780661,0.5999999999999999,3
145,0.6466173405715618,0.040217751809365154,0.0,0.041383243601244235,0.0,0.2267251369129326,0.7540339549470473,0.23122680416938413,0.33277181622077023,0.6156505708108058,0.681747589593148,0.632663191141709,0.45735676875807485,0.5421538894149411,0.4578461105850664,0.3999999999999997,0.8035268305902062,0.9147788694080301,0.3739959028647978,0.0,3
146,0.2940916314123252,0.783350110991563,0.7482271052320273,0.7399477518079389,0.736322221613795,0.3946984107948879,0.40716050448913965,0.850305299064569,0.7047947795835512,0.18377898038009016,0.007162050767691053,0.6351810257127006,0.27909378825560793,0.7207697267038025,0.27923027329617867,0.5999999999999999,0.5105147022667069,0.44327229777106747,0.17458042813771635,0.5999999999999999,3
147,0.30853806802673867,0.6893333797090406,0.7707964686712294,0.779219662966669,0.7769733813718833,0.5474412808953275,0.4029056583761351,0.8073596756060966,0.7110048718660948,0.18263414179033316,0.345125326538646,0.8375458990242337,0.2806260704422243,0.7192616046846303,0.2807383953153533,0.5999999999999999,0.48357797278806025,0.3505481773346997,0.10455893370439862,0.5999999999999999,3
148,0.32999596904235373,0.6840234428762528,0.8082696495383248,0.7828503513410889,0.7720179734083064,0.5614530963779885,0.41367184528443146,0.8191163981178973,0.7114992379416094,0.17142495011095532,0.14918668239222743,0.8525582628905357,0.2812500850393178,0.7186604158730827,0.2813395841269113,0.5999999999999999,0.461291675322501,0.2923623819424026,0.0731255670436699,0.5999999999999999,3
149,0.6802674517947203,0.14322321552995732,0.03490863075240558,0.15083621159581817,0.06532595848539202,0.30157852069231694,0.7456521716714491,0.14579230450667446,0.0764628419696578,0.404278721759784,1.0,0.45530135739865124,0.5701238396208055,0.4295299463571805,0.570470053642822,0.19999999999999973,0.5890252363948372,0.9756118559487392,0.5902814581507495,0.0,3
150,0.32555103204343494,0.5687905926054668,0.6980803361166343,0.631246628363467,0.6707465829948758,0.4760412307383035,0.42350567393248295,0.8145937706073128,0.7899540876508127,0.2138321908235184,0.29651504506697557,0.47794144822630646,0.29856946943438345,0.7013925651379456,0.2986074348620633,0.5999999999999999,0.5258890836049103,0.4063215912621587,0.1774355516106405,0.5999999999999999,3
151,0.33368955722088944,0.6962350909220447,0.7392508495528618,0.7033832107541294,0.7135221201649136,0.5381862458428941,0.4229889455717346,0.848260732960292,0.7757959665345879,0.38598262552174506,0.2816283997939466,0.6095574009259502,0.283472497552296,0.7164930648501657,0.2835069351498305,0.5999999999999999,0.46586626228012296,0.41443131941023204,0.1273952131587116,0.5999999999999999,3
152,0.32664314791516447,0.7250678087749236,0.7842497652445861,0.7421593808693698,0.7571683099145234,0.5665456061256009,0.41716924517281806,0.8219072049503071,0.7051587351475632,0.09647808974052668,0.32598942331866687,0.7245352314381138,0.2885733074283934,0.7113536238121592,0.28864637618785594,0.5999999999999999,0.46331633949180384,0.36031419414896004,0.08792157790633015,0.5999999999999999,3
153,0.851832115411657,0.767410866400752,0.8101215815610703,0.8266244212263332,0.9876587484493624,0.8611448079830666,0.8363797450743137,0.6477505562976853,0.3742109982950126,0.9695899087915605,0.09597199676982227,0.27381471144999314,0.2453694528473136,0.7563056391502443,0.24369436084974438,0.19999999999999973,0.0,0.4365298393639423,0.9997794741842868,0.19999999999999973,1
154,0.5296017135806141,0.5383545609331861,0.7417215985695436,0.8782106008590485,0.8863051912753999,0.6874034525729371,0.5340432068036013,0.8088364180176806,0.7400115346444807,0.6717824541279034,0.2617482520197323,0.6156253396760369,0.2846976633070142,0.7164992794844216,0.28350072051554775,0.7999999999999999,0.6963092506266325,0.3064284129227637,0.5625620538928594,0.7999999999999999,1
155,0.6286549303073199,0.30360656299501443,0.6162431500512031,1.0,0.7492705287487038,0.4680600390430527,0.6205544971845961,0.6966997697144943,0.6178555601774178,0.7274920763029282,0.2712608655944724,0.16139293785880374,0.3856636413109271,0.61461578427273,0.3853842157272567,0.7999999999999999,0.8446746273844233,0.0,0.6296231247336826,0.7999999999999999,1
156,0.8004875188475751,0.25792170149716753,0.561733094450372,0.9212453529910616,0.7684803912508291,0.5532300626335314,0.7069564308248214,0.756421052141312,0.6003450754518553,0.8934149727973351,0.14803107637198787,0.260782334983714,0.30799496215796296,0.6940119301823455,0.30598806981763005,0.7999999999999999,0.45473572842818744,0.29240707091206875,0.8336252421657045,0.7999999999999999,1
157,0.7010118082940833,0.8920325962593267,0.9154068054981381,0.45911390748950387,0.7668463486782904,0.4753889898871648,0.7189754362536324,0.4998513097232713,0.26157379707106543,0.8916267972112866,0.24299929572261703,0.5855824834890535,0.2618423939455852,0.7377855651563456,0.26221443484364215,0.7999999999999999,0.8944437982465583,0.5637771728305467,0.6797840006521597,0.9999999999999999,1
158,0.6165922784877784,0.716116858506183,0.8069790702733786,0.6891706447258317,0.620132275835005,0.1736325501411784,0.5249993927657782,0.423048414862081,0.12369345866207482,0.8515015939081712,0.18465981349082994,0.13593084303932754,0.28080134538613777,0.7221692958319201,0.27783070416806765,0.19999999999999973,0.5026440245903513,0.44839980754436537,0.5947873970562466,0.5999999999999999,1
159,0.2673561651057903,0.6475589912438124,0.7917976829662707,0.5847725064666673,0.5879080062682869,0.2539787558337139,0.18655654915986009,0.43624879252526605,0.03749803696260301,0.23519296192860756,0.06909689656681062,0.42851268451703517,0.2904085133223475,0.7127309902724379,0.2872690097275381,0.19999999999999973,0.6503208865381973,0.46605884791438235,0.44072218407807207,0.3999999999999997,1
160,0.8106421380064894,0.7760995200372349,0.8388178415678891,0.8633088453446924,0.8802165640499349,0.7692431654598408,0.838868002824141,0.6912314061009195,0.5177988537468536,0.9460618329141057,0.15282947374285283,0.39286007172973375,0.2857258563667955,0.7157818174546862,0.2842181825453025,0.19999999999999973,0.07505227965162797,0.7501708652432766,0.8575871781684038,0.19999999999999973,1
161,0.8914342375881692,0.6056948038142878,0.7188510707824116,0.6306662114676023,0.9069421434892575,0.6414596873198661,0.8789917422750219,0.695690220271149,0.5792706025898156,1.0,0.297037322739478,0.12973926760507842,0.1850972756616045,0.8159284413512766,0.1840715586486965,0.19999999999999973,0.04909747629180983,0.5747133822894777,1.0,0.19999999999999973,2
162,0.5516758738721912,0.39433094794898693,0.6533807091823502,0.6293860845573822,0.831893675342197,0.561068537342237,0.6665571637251372,0.8995678335192447,0.9317811377257783,0.6439498073892276,0.26450469264955867,0.45290891077544165,0.36414123862316217,0.6367199890666839,0.36328001093330897,0.7999999999999999,0.8156997815891923,0.6140457719803665,0.5452750235396581,0.7999999999999999,2
163,0.6104504997628801,0.27487765670699105,0.5943949147116718,0.9250181052746447,0.6949680873755297,0.3921172298011584,0.778609135609072,0.8026355258193434,0.7535214479580077,0.7281723222531074,0.3036396669615953,0.0,0.3891719299460732,0.6109993279406176,0.3890006720593817,0.9999999999999999,0.9513271527740047,0.23618675882534568,0.6218270758486065,0.7999999999999999,2
164,0.8247432835604285,0.22103793098719393,0.5465565726873163,0.7980756845893229,0.7158605707437264,0.43538617013769,0.7433487249011269,0.8821498106872696,0.8016850386458998,0.933022682447133,0.14512895449494545,0.10742642746935543,0.28164715427178066,0.7204726240234152,0.2795273759765706,0.7999999999999999,0.5224272561482743,0.4289203411029443,0.8929922903890498,0.7999999999999999,2
165,0.7809220234447471,0.7627546354016204,0.8415449206035281,0.4648948089141327,0.6693122075494236,0.28196778521936494,0.7932712721403631,0.5941545084226172,0.4322794050268044,0.9755669192528573,0.21585256196209035,0.6265435137484385,0.2223788387421166,0.777303357667865,0.22269664233211017,0.7999999999999999,1.0,0.7329691622432917,0.6487961829660652,0.9999999999999999,2
166,0.3791352725239545,0.5089470559320546,0.6597178787452667,0.6221183872108895,0.5573492601706502,0.0,0.3039629325092238,0.5143893098943326,0.30292241481595283,0.5854084778409125,0.29825881161735257,0.3567200697687566,0.19884107397184891,0.8043673849703061,0.19563261502968032,0.19999999999999973,0.6799170671487793,0.5750270154189692,0.34600465340536535,0.3999999999999997,2
167,0.051279463213546705,0.4244196121892969,0.6428868878810732,0.5702116253172145,0.5434927117280812,0.09017928715132939,0.07457486501055621,0.5100601424751032,0.23764214686966056,0.17382892548202272,0.32727146886879677,0.4092102090472194,0.12600022960003798,0.8767177039670968,0.12328229603288321,0.19999999999999973,0.7496541613058698,0.6630505571415477,0.17211887399560166,0.19999999999999973,2
168,0.8981446798137855,0.6014841743010493,0.7334987442910481,0.6730664611079749,0.8385354696895344,0.5890127028546317,0.8654784955084743,0.7608404046327413,0.6890406257254824,0.9495155294679369,0.3001131239368182,0.17090669262991795,0.22182329569639592,0.7805384759771417,0.21946152402286145,0.19999999999999973,0.09658988950662195,0.7067409835077463,0.961249099832154,0.19999999999999973,2
169,0.9506800908346744,0.4762679844886293,0.6728320936109087,0.6346819614023316,0.7968489129695449,0.5729321001643939,0.9391321583610118,0.8082845475672855,0.6023358910204877,0.7387575271634224,0.3495847679392674,0.5112726287577353,0.2880904806015536,0.7138263654383565,0.28617363456167766,0.19999999999999973,0.12470745664595595,0.677595427122879,0.5733174514493194,0.19999999999999973,3
170,0.5904078283587604,0.2905565960142269,0.6075839805403518,0.7350787533867864,0.7573755487211113,0.44696272993707,0.6534509438273185,0.9048741423286677,0.9058937705426899,0.5038831189465736,0.541160104808573,0.6330861008896411,0.3169164200031105,0.6836044687458478,0.31639553125414466,0.7999999999999999,0.7497729687328961,0.5934555278468403,0.4997442053964557,0.7999999999999999,3
171,0.7863601510338551,0.31853388488497103,0.5954006344089724,0.6999876841018571,0.6847198627920612,0.31136689466040934,0.8864286420403412,0.8776203489826708,0.9247352724155462,0.6024981597607242,0.43952102667168425,0.2322539969915939,0.3873422765721841,0.6126775889515712,0.38732241104847276,0.9999999999999999,0.8649395486673924,0.26080266644103833,0.6594558950898418,0.7999999999999999,3
172,1.0,0.2052553779046491,0.5042540105005484,0.5989449202121757,0.5850039855812252,0.2457194937840086,1.0,0.9999999999999998,1.0,0.6877473964140102,0.36184034021071865,0.17068510812189303,0.22707073356707497,0.7750709327662668,0.22492906723370254,0.9999999999999999,0.45171433706179964,0.39063738924697256,0.9230260235639288,0.7999999999999999,3
173,0.6971957273085243,0.7193229880136016,0.7814248110553168,0.4285157436403506,0.5830654848277279,0.13838615594431758,0.7174327428266541,0.6473906907640361,0.4484770030482821,0.7306630982158115,0.504752962621271,0.3966627503551342,0.3276671943386589,0.6716711500611559,0.3283288499388277,0.7999999999999999,0.9702963932156021,0.7913860631128489,0.3204945558883384,0.9999999999999999,3
174,0.43824607477976874,0.3447872129506777,0.5772325388119637,0.7378374900610876,0.531798672556614,0.024518712965914347,0.3627973491634576,0.5762846492617715,0.34880067428215966,0.5619682894244913,0.4648981562068877,0.5091010089402983,0.32125253779321383,0.6816904157379817,0.3183095842620247,0.3999999999999997,0.7020852518025963,0.5847152637108717,0.26011684924771683,0.3999999999999997,3
175,0.0,0.20413006080516993,0.49778999364428334,0.6360502269147936,0.5009530682166543,0.13986082757412532,0.0,0.5696851160270653,0.2394037752096949,0.0,0.3555537066108554,0.39056765046805786,0.3581240540633388,0.6445171752329912,0.35548282476700876,0.19999999999999973,0.8685457820456984,0.693177856649239,0.0736487865520633,0.19999999999999973,3
176,0.8680629037979508,0.721368034751066,0.7526094847785452,0.6483221186717305,0.728712765978111,0.5513909786103568,0.959925997475021,0.7403644935724831,0.5493508821255659,0.5486429724968014,0.25390620226251026,0.39949573208372274,0.30665501566093667,0.6948407186535821,0.30515928134640546,0.19999999999999973,0.1402683216088998,0.7863890971312717,0.6080681156238773,0.19999999999999973,3
