index,P1_min,P2_min,P1_HarmonicAmplitudeRatio,P5_min,P5_HarmonicAmplitudeRatio,P2_fft_skewness,P5_entropy,P3_HarmonicAmplitudeRatio,P2_std,P6_PeakValue,P6_HarmonicAmplitudeRatio,P5_variance,P7_25th_percentile,P5_crest_factor,P3_line_integral,P3_min,P2_variance,P1_fft_skewness,P1_clearance_factor,P1_fft_kurtosis
0,0.15137939003735013,0.014341556530697151,0.5005150926784964,0.0028548872926420546,0.4047158869798593,0.4677074599627685,0.5019520454600794,0.5332638622091115,0.7648725199735416,0.5240311949066466,0.5351518810209392,0.9891114840691537,0.557123203138211,0.6045516882240451,0.24657952883771372,0.06246450014616886,0.7422211293574603,0.38763320055003564,0.8353847866636932,0.46159651185310047
1,0.15170684318121974,0.014170903837738667,0.4962945008221069,0.0028557700097157604,0.38698319059708663,0.46177680268564225,0.5012193343650289,0.5265762454337926,0.7645879412247711,0.518758734697128,0.534254277889453,0.9708164438778264,0.5483201277269725,0.5828983646660646,0.25159091939043776,0.06246450014616886,0.7419175731339862,0.3850140141382191,0.8560625593771283,0.45589561574539106
2,0.15233379821533055,0.01402727630349723,0.49222806929546203,0.0025946698410676777,0.38571243299448765,0.45372999413414467,0.5459513733948178,0.5183933713029747,0.7740736629068254,0.5085762628015631,0.5162652463726802,0.9420698522783602,0.5150502604420542,0.5688300405181346,0.23207353044837475,0.06246450014616886,0.7520468544857117,0.3809416573324503,0.8846330683106296,0.4511427756090486
3,0.1527856459054585,0.014103193385947833,0.492074656929412,0.002830284056234234,0.38405173463369935,0.44871961969100327,0.5146458288487885,0.5121049713514092,0.7739882903901081,0.5008528974983074,0.509840991039346,0.964525252962434,0.5465295098860938,0.5740047557960446,0.2357747874723941,0.06246450014616886,0.75195558878283,0.37737236382106637,0.8844389460642432,0.449168110312554
4,0.15271633474236768,0.014158525630542892,0.4902762783412494,0.0030231786321485237,0.38226710125247454,0.44562311213731615,0.512726091664149,0.508852052944661,0.7674769773399803,0.4986625481736663,0.5058027334583319,0.9759744317567509,0.5374476939157926,0.5755555384696598,0.24841852323810087,0.06246450014616886,0.7450002157866,0.37567728217090207,0.8737838753232996,0.4465021431012848
5,0.1531631182091443,0.01419449904815016,0.4900648141785676,0.003172801184601602,0.38095062086336196,0.4429547822889956,0.5332497403619101,0.5046417898252353,0.769885756016079,0.4812699750051268,0.5028194589299142,0.9692076225805948,0.5374476939157926,0.570717672063495,0.23901804684300032,0.06246450014616886,0.747572024213347,0.37315337431369444,0.8653818992492379,0.4457112170973673
6,0.1524482630359576,0.014153467868468486,0.49170704279727184,0.0029979309588230164,0.38317193018552675,0.4497678925430572,0.5150176282902699,0.5134424053909854,0.7667336224644372,0.5075947502301056,0.5169599175222603,0.9703159819370504,0.5662739554685778,0.5755899133775535,0.24729622795318562,0.06246450014616886,0.7442068446621863,0.37789126422059205,0.8688862317678314,0.44870969658166404
7,0.15189626316291338,0.014170184512930591,0.49542721519476296,0.0028216818847472624,0.38684179148688447,0.4594295433281192,0.5180095901492798,0.5261834677214758,0.7678339979565414,0.5187740423622248,0.5341620270475074,0.9519087689802619,0.4451051342915804,0.5758578730289192,0.2451155410438446,0.06246450014616886,0.7453813078317408,0.3843209038079338,0.8594763788494171,0.45521323305466876
8,0.15252887412241334,0.014316847465954453,0.4948276919927057,0.00301319650253455,0.38926323375643124,0.453081507445089,0.5145464538457212,0.5168896609416354,0.7670662308874676,0.4939144135799134,0.4589076724319731,0.988058625846546,0.5374476939157926,0.5872953897652584,0.24240555340728065,0.06246450014616886,0.7445618152640019,0.37920228677179724,0.8460856916337112,0.45272013789451215
9,0.15227019629992578,0.014255745727016413,0.4936335013941642,0.00307491302372263,0.38680908117999335,0.4524926022604518,0.5094432550998498,0.5161356937925246,0.7641428917934827,0.5118499049700934,0.49117463257104105,0.9870997652248221,0.5530997167358045,0.584689130437333,0.24949081710059318,0.06246450014616886,0.7414428859472955,0.37871607553237646,0.8472947606779848,0.4510173711569272
10,0.1525987255474811,0.014220325771544818,0.4928192793805465,0.00301251444278075,0.3837946522166844,0.45101142087914486,0.5230880069264465,0.5150839149456965,0.767012659562647,0.4906710754017679,0.48884170067526417,0.9719426966176796,0.5576799326499735,0.57686455848174,0.2429531018120059,0.06246450014616886,0.7445046403089515,0.3783283793694264,0.8584057134148506,0.4502055957430443
11,0.1531670239001196,0.013989380070264134,0.48927548441330593,0.0028999660348738815,0.38495906020729453,0.44925874298670554,0.5636697092267546,0.5132004740772205,0.7761246895393179,0.49910105509089586,0.5102978491739045,0.9478174542571829,0.2975958838142425,0.5679137299132748,0.22830717580032456,0.06246450014616886,0.754240013491317,0.3786599420412606,0.8960075508431311,0.44723989488910243
12,0.1517107796171815,0.014232949086570692,0.4966596320055634,0.002905553085135416,0.386387417577128,0.4612495338514303,0.5126681031670692,0.5273064784892809,0.7651713763048353,0.5264333781893894,0.5131890241468855,0.969426723685131,0.4866427646874545,0.5817532855224841,0.2477263042189719,0.06246450014616886,0.7425399372424157,0.38462925798671227,0.8434828513722779,0.45649227932348535
13,0.1526158310257949,0.014238882329721264,0.4925577575268232,0.0029910125640706434,0.38331429258046756,0.45048395386815104,0.5253533300076363,0.5152568045324613,0.7672429910011043,0.4905067183637657,0.46366134483738924,0.9674204134976645,0.5606098862533759,0.5749050025126126,0.24429140790896042,0.06246450014616886,0.7447504707862296,0.3783658408237357,0.8564444050674953,0.44999771942176514
14,0.15261996582403914,0.014023168348917578,0.49111304709362524,0.002709705904550779,0.3879788249834186,0.4483113840546133,0.5591118184378097,0.5152384774598313,0.7731643048935353,0.48789549964345813,0.4733289218802425,0.9464399512554091,0.4254216225634284,0.5706478927730996,0.23541751062920468,0.06246450014616886,0.751074818701664,0.3788991794701658,0.8667972030498565,0.4494488788763482
15,0.15203020256203836,0.014340117299114405,0.49667148380795434,0.0030051828075759422,0.39603229188871936,0.458400699749264,0.5055456434444423,0.5228480125718709,0.7646974092612795,0.5148429867459027,0.4908592330245611,0.9941807176355935,0.5611662070892294,0.596302906608813,0.24608535282223443,0.06246450014616886,0.7420343387632575,0.38199134451848843,0.8378205367605522,0.4553775395058234
16,0.1527186770457417,0.014108546633571422,0.49284881797656466,0.002786449172797391,0.3852599092269704,0.4501498656727865,0.5122781606185001,0.5129645874586739,0.7744258233913794,0.5035772201657839,0.513567718851397,0.9639355765836106,0.5376035584061221,0.5750714286300656,0.2350907402300777,0.06246450014616886,0.7524233436908163,0.377876749547653,0.8860059908389886,0.45023086235009013
17,0.1523368467310583,0.01421087984905363,0.4934479016768033,0.0028765806817483337,0.38752697698059446,0.45146306244549367,0.4975127824067087,0.5170408065411884,0.7701176751902161,0.50837404694987,0.5153662952692,0.982807193832888,0.5653281508248806,0.5842834516980278,0.24512210297422143,0.06246450014616886,0.7478197171608694,0.3794780520440853,0.8707498848453228,0.4512789199038285
18,0.15285140985641787,0.013999089585280542,0.48981680911617675,0.0027665187830071517,0.3821837836589852,0.44761078634386675,0.5423773644763372,0.5117730023083416,0.7747938309228446,0.4988038477466349,0.5118045024385551,0.9439674761281769,0.556426142571798,0.5647210125841615,0.2344216906747647,0.06246450014616886,0.7528168081036857,0.37745044850355036,0.8956386174713522,0.4468283987188759
19,0.15316763881992634,0.01418199278638574,0.49125989299457795,0.003084329333590146,0.3835980653649642,0.4451314260315448,0.5412127957980708,0.5064572793831241,0.7713487859003876,0.4831518579033819,0.4997425241412257,0.9612890710538944,0.5569787786622946,0.5708221310073922,0.23100812891370026,0.06246450014616886,0.7491347876125347,0.3744691907358891,0.8668244367914277,0.4480216278274277
20,0.15213203687863308,0.014047088065683071,0.49363895918684775,0.0026280728550284733,0.3859753960327146,0.45631242029185176,0.5084266467027163,0.522701887303175,0.7729088384384801,0.513600429035233,0.5221713768544471,0.9507266025280445,0.5329818222305303,0.5738674784068833,0.24175990502469347,0.06246450014616886,0.7508017816251884,0.38313061338376286,0.8847013384595113,0.45271044139901206
21,0.1521198919477027,0.014188410011594323,0.49483213935282544,0.00287830087706442,0.3853980785630733,0.4571257770621609,0.515841448167663,0.5217732549568346,0.7678344624883162,0.518577022973134,0.5289522988670858,0.964761340235688,0.5497473481320512,0.5778628672577415,0.24142741969467352,0.06246450014616886,0.7453818037045934,0.3818712703927812,0.8620808390639141,0.4537238072735026
22,0.1526620533339864,0.014110488451060376,0.49146327360404607,0.0030102566387002886,0.3854464306647636,0.4498448352607291,0.5468434593932336,0.5153117288488547,0.7709309051508977,0.502763725488223,0.5247579955506301,0.9430235443128303,0.5235119175351794,0.5680008804023136,0.23807156776888405,0.06246450014616886,0.7486883652754284,0.3787782988033724,0.8705991163584192,0.4493490942252921
23,0.15276563677474664,0.013898184197663163,0.4878529916631341,0.002669701646062849,0.3872293768314201,0.4460868751621127,0.5610620774366453,0.5123571451760178,0.7764572863837143,0.49701803270536515,0.508681458485946,0.9521764220397222,0.4567666625744984,0.5706353794441028,0.23297981467393925,0.06246450014616886,0.7545957585376037,0.3784556201135754,0.8972521772672701,0.44569471989245657
24,0.1514049542148096,0.014313464975204662,0.4994840591453461,0.002833856447410179,0.39659837883621973,0.4664584641013323,0.49777358969788565,0.5325350078974096,0.7641463948044849,0.5263035994404233,0.5130820967486334,0.9896005889532595,0.5249880746789266,0.59831534346164,0.24681431779396235,0.06246450014616886,0.7414466220440501,0.3871452104847041,0.8342540208473217,0.46017444282087194
25,0.1525016918104709,0.013979154283288078,0.49086833165985144,0.0026810968292974927,0.38387037395327117,0.4518140915388884,0.5305585567592779,0.517038180370869,0.7746229058195415,0.5068011712657411,0.5211527174251491,0.9401069753647,0.5493768004446284,0.5663697695440648,0.23922594462779045,0.06246450014616886,0.7526340550319113,0.3806239949347803,0.8962979351104732,0.4488608119578621
26,0.15315995874798793,0.014208835919155309,0.4916057034810425,0.003103983531323009,0.38291626699466064,0.44499416754548793,0.5363308099753539,0.50630874427004,0.770800140277188,0.4794222604626369,0.4823010817717957,0.9694044372578554,0.5530836858382955,0.5730756080780353,0.23468108240943764,0.06246450014616886,0.7485486780930122,0.3742420842326243,0.8622215026318281,0.44816404014462174
27,0.1524729601120547,0.013997273434593307,0.4915391041638604,0.0026705742321688794,0.38485399787249364,0.453037850795154,0.544484504567567,0.5188048381120882,0.7743316506834232,0.5075854957608767,0.517478883399703,0.9402290036994152,0.5180319761832006,0.5674348023922231,0.23480999143987447,0.06246450014616886,0.7523226620779149,0.3812514453660942,0.8893945945026762,0.4502868204704086
28,0.15198151804726412,0.014165268141667043,0.4962671569420044,0.0027344382732759887,0.3872501593261277,0.45978304757033067,0.5062032765773381,0.525091745931128,0.7698813318409443,0.5216386376317971,0.5265930868190984,0.9677577921692657,0.5091748545881298,0.5816023638682013,0.24046604817434059,0.06246450014616886,0.7475672992636302,0.3839475580994161,0.8660076803863324,0.4560014452149037
29,0.15234868836436588,0.014181530059799503,0.4953430496090625,0.0029118203315529755,0.3867537769285896,0.456337407524474,0.5300414947625924,0.519862713982189,0.7708313453942748,0.5144724725012194,0.5332874198773285,0.9557970479015856,0.5434773968946267,0.5757268973824052,0.2352999523953514,0.06246450014616886,0.7485820119967623,0.3816059128616762,0.861612348334182,0.4546991358378134
30,0.15194344169494378,0.014133894271246224,0.49488299324965723,0.0028461023815596373,0.38627780623858365,0.45850144327317227,0.5138055133306487,0.5239402649935356,0.7655039191747606,0.506324766964065,0.5070573460748067,0.9557057226336039,0.5001204803071602,0.5762941823920378,0.25102997194632337,0.06246450014616886,0.7428947070142524,0.38369308117636364,0.8569532145640513,0.45422256554882867
31,0.1529155311884296,0.014239669008684284,0.49238274135998505,0.0030793922164456164,0.3836008254028629,0.4475320118712265,0.5290132269073737,0.5093418954325899,0.7695310058084437,0.4838398048864747,0.4851465900538163,0.9755767270326252,0.5611662070892294,0.5765859078555666,0.23820174140139727,0.06246450014616886,0.7471931722035114,0.37574985875857947,0.8585119639463534,0.4491544331661955
32,0.15219267867685982,0.014257931012910428,0.4958719559182645,0.0029717914650714593,0.3890903155888814,0.45685736415447253,0.5105157361433825,0.5208312752095681,0.7677564601632061,0.5169747392832691,0.5308758107953377,0.9815609008525639,0.5444836133851148,0.5863494086175367,0.24159061714519225,0.06246450014616886,0.7452985394723581,0.38153801148279276,0.8543545434467301,0.4546180849060397
33,0.15225292386833422,0.014279845825454216,0.4966824471906729,0.002889897026522697,0.3867833992460028,0.45921958952838826,0.5223443378276187,0.5236562429650644,0.7676683684171679,0.5045373626765637,0.47779980960864094,0.9715455900818377,0.5483201277269725,0.581893328669066,0.24019367296079963,0.06246450014616886,0.7452045070464972,0.3828626347883699,0.8466047191154304,0.45629492128917093
34,0.15270370587105075,0.01423429660886987,0.49218974347902067,0.0030974788187930697,0.38422953793886583,0.44829175401070676,0.5194606535075614,0.5120681189079659,0.767363826755298,0.490518839446738,0.5021435942751491,0.980217623069102,0.5554698674366261,0.5791616553518999,0.24417488727199554,0.06246450014616886,0.7448794429419399,0.37681323302193787,0.8585249062025175,0.44895599962684707
35,0.16171726394488095,0.013826829240317003,0.45942579420415264,0.002586227705875637,0.36491098676917133,0.3715063168884573,0.5042485572751723,0.3086798972188615,0.8356967951248904,0.36635282400883074,0.43934537941362833,0.8712751800172611,0.5301711633265054,0.49159127715404805,0.20726588141882019,0.0600379520874845,0.8184027258821545,0.31787858004686576,0.793507094569458,0.40781529863444543
36,0.16168566317020572,0.01392116344355236,0.4600502704278434,0.0025848118022307643,0.36883438641907107,0.38090264161152937,0.5145226814248893,0.3142185668986914,0.818342155570821,0.35772290374269267,0.43143856767158767,0.8880128064627988,0.5343288347288286,0.4994294312596823,0.12493402222941086,0.035672256762740204,0.79961846297707,0.31658581952730974,0.7755089077475907,0.40862718045283597
37,0.1625689293154129,0.013524897606392692,0.4512598214303014,0.00245970771883964,0.3624513372981466,0.36564124376160034,0.5441267938263081,0.322389878011957,0.8420170615726277,0.3480983632990273,0.4324046388306381,0.8648830093427369,0.5374476939157926,0.4826542232610713,0.21412684993497066,0.05846962577639396,0.8252624832937994,0.3133950205221378,0.821382593143964,0.39735955941259093
38,0.16331022978284127,0.013806778710590883,0.45298722927987345,0.0026018166037935823,0.35568207020783427,0.37388354194025386,0.512612671375539,0.32158525923903775,0.8188136579531657,0.3518968028142936,0.4197682350999274,0.8958668500650975,0.5616207672280176,0.48595159049565084,0.22045841313101278,0.06059647665612627,0.800127803689674,0.30710784378360356,0.8189674401106681,0.3969626047036817
39,0.16322321257637662,0.013782660476680966,0.4521703492385477,0.002700678579778464,0.35294659026977615,0.3654526641441623,0.5262506452262805,0.32577856558376234,0.828515079373275,0.35054915239262097,0.4409190832343421,0.8729005942648802,0.5440155995528162,0.47619333267816577,0.12207248620794076,0.03871238734161911,0.8106201999687614,0.30803938352080945,0.7799894524104238,0.3978175641129956
40,0.1640770566685994,0.013778103562065384,0.44494101343170045,0.002826078859793751,0.35197042916121724,0.3601090890949145,0.5586783345242914,0.34717698702127847,0.8253593263874133,0.3569241668077321,0.4482315124210123,0.8696926816154085,0.511553593777414,0.4696479837943004,0.0925888646698354,0.04350047425118951,0.8072045508831123,0.30426841428153395,0.7886311153884504,0.39040298716385946
41,0.16322489396051543,0.01409549751442462,0.45327418833726885,0.002725095560579194,0.3579537447048524,0.3737325626200653,0.5357071362235644,0.3383077788456074,0.8304117102758757,0.3470779385804412,0.4425781610860821,0.8757314581475242,0.5374476939157926,0.48065525938806597,0.08177032533916417,0.017028585043932724,0.8126742372796418,0.30825297104796295,0.7761578451726661,0.39887687027589025
42,0.1629694582982124,0.013905711102637098,0.456744392390552,0.0025479725708374267,0.36592054204131785,0.3785364052046122,0.5459544671003655,0.31923311384601977,0.8306960176954248,0.3351911281466341,0.41810520692411407,0.8867214914501191,0.5374476939157926,0.492990607256782,0.07413500083126223,0.0,0.8129822182198325,0.3120691373059935,0.7773904089808297,0.40354321363092915
43,0.16240863171997477,0.01372667675359201,0.45415728735823746,0.0025926616152353804,0.3629035473074578,0.3621339286557105,0.5160302497458424,0.2823038956557811,0.850808870791179,0.3624887105767183,0.44136140270100827,0.8784202592719177,0.4750389085029312,0.4881161216297749,0.27476444790909227,0.06246450014616886,0.8348214858315164,0.31441874730199426,0.8068824155505561,0.40041219397186667
44,0.16286989880398872,0.013707506644090296,0.4550058735286362,0.002767395821577573,0.361327923941273,0.3649101505524903,0.5343968709634446,0.31042397616151257,0.8169410251559666,0.3618593952417023,0.4526552209614885,0.8847703578622166,0.511553593777414,0.488002024264907,0.13576215897126076,0.04143799757234437,0.7981052215328772,0.31085202287085045,0.7648765846380225,0.400867755966839
45,0.16256189891516992,0.013673260511233026,0.45355577249791135,0.0026425169821630034,0.3630458528051357,0.3606722619799709,0.5250150701327101,0.27882023405129414,0.8496975212686881,0.3627361727754722,0.4420324414746775,0.8760989987691723,0.511553593777414,0.48727687786318774,0.2650669843531688,0.059269943869242,0.8336120823368203,0.31436006954187384,0.8031996056331847,0.4003133261077354
46,0.16241639357679694,0.013746651284613273,0.452171030610952,0.0024788987055153495,0.3628068495445824,0.37003527863418706,0.539697534199238,0.3095444455663873,0.8505654364536821,0.35371523725261356,0.4281593640836508,0.8649522007135471,0.5413415788980132,0.4835603271207485,0.18793399936416222,0.06246450014616886,0.8345565467581777,0.31429866617184027,0.834849500963474,0.39827848717117653
47,0.16168686550914402,0.013802036814164153,0.4607729763915267,0.002554554895878182,0.3723252891212059,0.3721313123578978,0.5106148543411884,0.28605600670195336,0.8401338353360415,0.3446958788103581,0.4145024979466269,0.8937488178125659,0.5268361169227731,0.5052508818544215,0.29169119304935975,0.05413647512803618,0.8232174545032154,0.31991833391293406,0.7877495941757466,0.4090500516728859
48,0.1630419140095568,0.013790905569956172,0.45192321022990567,0.002747332076430171,0.3612659533902225,0.3660830951794113,0.5416739219056161,0.3237499506269545,0.8206866130342312,0.3666344361435303,0.4384850905385999,0.8800423619484763,0.5306768001431017,0.4848188698970297,0.1257654413941509,0.04272476033761892,0.802151617524854,0.3100653040758815,0.7778814047642029,0.3989792763684633
49,0.16239238153079405,0.013655723599953611,0.45172998758762994,0.0025792366376011116,0.3642154513756253,0.36219882157295885,0.5292096522789578,0.29139728986541585,0.8463565355481504,0.36969866811379193,0.44759855318547387,0.8714940307123971,0.5060659738369111,0.4864440609218541,0.21264381955363376,0.06246450014616886,0.8299781961854495,0.3143829921931882,0.8070345645222172,0.3997510895682743
50,0.16320016785949054,0.013832422228284767,0.4556009811729027,0.002694229089991133,0.3590143313920062,0.3711733454256263,0.5380302293242067,0.3192966526404665,0.8313313139076821,0.35105196747740186,0.4229691453114281,0.8783638868499433,0.5369436063979869,0.4832866018260682,0.0966087471515209,0.008794125697466168,0.813670487436809,0.30913028881115884,0.7659020199488102,0.40120346211614666
51,0.163315154788629,0.013878321773623166,0.452335880659381,0.0025558804981808377,0.3523273148920997,0.37845903555101945,0.5193909186130448,0.33771742357173545,0.8088116839694677,0.3523931911540823,0.4291352182562746,0.8983807206604995,0.5470249587399518,0.4836822681433659,0.19278494505316246,0.060649682123958645,0.7893351718079009,0.3058122387158293,0.8213129081498405,0.3957825085361977
52,0.1622872734544598,0.0137574410622573,0.4592327595193616,0.0025397431045445346,0.36048601221811394,0.3702591022015071,0.48243451493676304,0.29841094494001824,0.842193127485181,0.3524064648184786,0.4031431108926627,0.8882408439271396,0.5483201277269725,0.49230802974309773,0.2803657003498614,0.06246450014616886,0.8254537220590421,0.3152445205703939,0.8182835818004603,0.40484705559036627
53,0.16321967723847164,0.013873623336527295,0.4507871682431821,0.0025913288316758575,0.35805062122582654,0.3785815017648483,0.529366819087361,0.35811014408526926,0.8165365762684105,0.3554914545630512,0.42776437215054036,0.8873249426436762,0.5394864280926956,0.484409019641872,0.1035360628927009,0.042322214945076944,0.7976685027667714,0.30783028360538434,0.8116385276695022,0.394629286426631
54,0.16367230454717652,0.013626914233355424,0.4452792101003259,0.0026811624313717863,0.35435528827204066,0.35550444505762646,0.5525984540259614,0.30003997535876,0.8439508501124,0.36435011704853737,0.43174077984497333,0.8685902026297321,0.3910999396145787,0.47290272274344125,0.2315262140469656,0.052968770358568444,0.8273633482704701,0.3073810931893808,0.8169779902140042,0.3909416516034451
55,0.16266969696540634,0.014014741069174054,0.4565472712248074,0.0025085372587655306,0.3592679637590779,0.38900230052859314,0.520833256656406,0.34365793274771333,0.8279143329113787,0.3459339017258456,0.41776922204114136,0.8796815396310407,0.5322634447927612,0.4857912220076197,0.058281904165795595,0.010208915492727892,0.8099697849346621,0.3106955182847865,0.7981806536029534,0.39962549174420026
56,0.1621383704585,0.0136982108467758,0.45535366022012225,0.0026506546718016964,0.3659244610826111,0.36724915649379003,0.5249885527061977,0.28250624324413537,0.8498907392015229,0.3766688985668174,0.44512403164689546,0.8690217769008204,0.47591859116402624,0.48895370235217994,0.23438467777702954,0.06246450014616886,0.8338223254753079,0.31686745110278763,0.8141281788081418,0.403220623293269
57,0.16272082118254838,0.01365023039803049,0.4505607963236157,0.0025675498208768757,0.3603125792435611,0.3632928126900181,0.5515183999921369,0.31883322811992637,0.8341701133746429,0.3532707714573402,0.4326554732017874,0.8623097107577438,0.4188190019981466,0.478956581895317,0.18468957575666423,0.060463484897157124,0.8167472371334108,0.3124079739329807,0.8008208877691847,0.39854071248271405
58,0.16203479294386725,0.01366094709904264,0.4521243756021963,0.0023667909667176483,0.36469169651900635,0.36749294716104264,0.5371765615896678,0.3008880522074166,0.850158838903408,0.3623301623613038,0.43594939388529724,0.8625014928798469,0.23486103947160153,0.48445777869414886,0.20370975715300688,0.059796445001264104,0.8341140640928615,0.31530443381577417,0.820830436802519,0.3998899932157214
59,0.16266950830813198,0.013901660993701763,0.46010651116437895,0.002636037965022496,0.367362470044303,0.37895875155544306,0.5186120678134039,0.29417660244754545,0.8260402877149073,0.36017685996876525,0.4316535229677942,0.892508665880529,0.5249880746789266,0.49833289800768643,0.1372530042256983,0.008503006854220993,0.8079413813996557,0.3141037723543703,0.7678790280319241,0.4073321997823719
60,0.1625465548180549,0.013962206535871052,0.4548107039563474,0.002584904588276504,0.3631928894015468,0.3817591043462871,0.5176683131433002,0.3329018211563553,0.8193288752647532,0.35973184560350524,0.43365547096374796,0.884717348426235,0.5183812418218992,0.49104537681955085,0.17507908464233424,0.050253521738274264,0.8006844315095438,0.31259834176164497,0.8106636064029749,0.39988437134583965
61,0.16416990458698744,0.013658489435378316,0.4436529479512046,0.0027812393183312186,0.3501961299832973,0.3568500647219002,0.5668209773904032,0.3403080345693194,0.8281196937329738,0.356037041465151,0.4377249680720487,0.8625033862692433,0.5249880746789266,0.4656995465010243,0.1518609253837866,0.054781522968726834,0.8101921143706583,0.30443100081777386,0.8002794647147442,0.38918952538493634
62,0.16224673235331366,0.013715026039246942,0.4541874019215817,0.0024789117161455824,0.36528174972209393,0.3735196702400527,0.5356481072717649,0.29997432181992584,0.8457391158194114,0.3461209669038894,0.42612106531609445,0.8674774372949223,0.5266425311759662,0.4875648451414716,0.22761463661858272,0.05602618094424429,0.8293069557935018,0.3157674774252587,0.8249354386125227,0.401036071352884
63,0.1623489420278591,0.013975408569023632,0.45547093411394035,0.002543858331597676,0.36616255723150193,0.37705031936659533,0.5117003988434021,0.3163412506269449,0.8317060590149317,0.3440933915407828,0.4331018520382666,0.8798296374909167,0.5466655773113587,0.4925653820706335,0.20351110731652966,0.06044039807119693,0.8140765276482627,0.314669924573609,0.8116796409510956,0.40230415298997424
64,0.16269136166163867,0.013902145405677791,0.44933395935380305,0.0023856103582513355,0.35970678954423874,0.3704795236853102,0.5547593902509682,0.32546998982976666,0.8284687920776812,0.3444595438502006,0.41999794682836217,0.8603566318667777,0.4540038444946042,0.4772279754274513,0.17345803406034577,0.06057527811486118,0.8105700824953461,0.3113458572367431,0.8088901293420356,0.3962868659940698
65,0.16156478656777684,0.01382361166448828,0.4611761104235784,0.0025483666945379313,0.372781263390066,0.3730175387766782,0.5107724931906539,0.2890560733467477,0.8390271491098278,0.3463431886204509,0.4247906592030087,0.8925021517029663,0.5371098271234072,0.505658695906257,0.2789780543851066,0.05495281609709354,0.8220161010499922,0.3204197211733195,0.7889679791779671,0.4097912665369733
66,0.16321704485359734,0.013621107787540901,0.44917758303390265,0.002813431332603131,0.3572874935844159,0.35731840068903364,0.537258880204913,0.29194520958801523,0.8498908315253435,0.3835923319880473,0.4554547152313935,0.8698596422566485,0.5114368153659203,0.47776134684348803,0.21894466836404547,0.06246450014616886,0.833822425936398,0.3105767163525285,0.8117948191700743,0.39508639521031175
67,0.16213153469336872,0.013776917343985604,0.4548627098974808,0.002594682855519551,0.3646023037964288,0.3671206809736936,0.5135163635952829,0.27945982264700936,0.8487825998942884,0.38090429585539953,0.43985942803474626,0.8745661441638963,0.511553593777414,0.4892468591785677,0.24344812933003368,0.06246450014616886,0.8326166712739898,0.3157720000750669,0.8148507665934916,0.40207020713199615
68,0.16306922853790828,0.013810273861251205,0.4517616899452126,0.0026414617978646666,0.3591210527963167,0.37119246506619386,0.5549430551638288,0.33483903219862726,0.8266609749930098,0.34052023166568235,0.4278750415539024,0.8671661674478826,0.5382455832977318,0.478453122915774,0.06903099085940312,0.02209593712744836,0.8086130944655869,0.3098006026889003,0.7852947169049429,0.39865646188771287
69,0.1626360978638236,0.013735297563957048,0.4541391429491157,0.002694011347304718,0.3620783012830895,0.36175261311508794,0.5109149342872712,0.28504488345005247,0.8510141809703096,0.36165744473798256,0.4413408259029263,0.8802649571285597,0.5073809535666545,0.4878200027070898,0.2823638284122154,0.06246450014616886,0.8350449445021593,0.31352084920261103,0.8068382548680955,0.4000454780390533
70,0.16031204825186351,0.014341556530697151,0.414935543947351,0.0063810127041336925,0.3216133779280552,0.4493322008666151,0.5640404801259322,0.3369207423397291,0.8530695307835185,0.3891565233212865,0.2339802419879769,0.7749287249229277,0.32156775526571835,0.40286631870043865,0.26301197821432254,0.061487731618484094,0.8372825631712077,0.3407299289570861,0.75781552219612,0.3602548186404382
71,0.16243070948051308,0.014341556530697151,0.4240210099139696,0.007586270270679622,0.33073995131471823,0.4518614314063648,0.6198394727676693,0.34052538818868866,0.8511924340879733,0.35656933163392746,0.24266960638906215,0.7787635570680436,0.4299556205411914,0.4037382841441943,0.27053634087762646,0.061307080187639425,0.8352389630008978,0.3357477936848657,0.7694274851167631,0.3435558207545518
72,0.161650430786192,0.014341556530697151,0.4229632497654555,0.007586270270679622,0.328505633507982,0.45219052133892357,0.6040316029216761,0.3393093145537462,0.8520400901214633,0.3649298213060679,0.214333570284803,0.7816022493737533,0.45174594906150745,0.4051410997305429,0.26981721827773697,0.06129670322600885,0.8361616984749831,0.33553028625139847,0.7592971733661855,0.3496926246702132
73,0.1609706557212791,0.014341556530697151,0.41061628086057245,0.00743026424264189,0.32033037749805204,0.46179503646409803,0.5880662639206662,0.336459336958364,0.8346593278318735,0.3305200902870321,0.11967666185242237,0.7766746150849582,0.4141820001923904,0.4020684209734311,0.27269249382696614,0.06156601154644304,0.8172776629639389,0.34616643982232914,0.7766406540752406,0.351273033184749
74,0.1621853688959719,0.014341556530697151,0.4136167085798441,0.007586270270679622,0.32880899211624814,0.4528253368060876,0.6224651060295692,0.3386021623898549,0.8305693242208698,0.3525400052834263,0.12460833597426163,0.7729443611500109,0.43810670716479727,0.4031544923491204,0.28975726896737797,0.061632522249191767,0.8128449728024376,0.34592946366856625,0.7911458461340506,0.3372388132511134
75,0.16175929713307768,0.014341556530697151,0.4178159131078224,0.00752323744538984,0.338844819338866,0.4486551963539209,0.5915084467421856,0.33917070850454994,0.8351102215803015,0.3484669019475495,0.15068159159913558,0.7695506177260281,0.5381463374646849,0.4101376392933507,0.2832043760923568,0.061650171439935716,0.8177665933426039,0.33687316613362556,0.766455912345847,0.34518030828420954
76,0.16299643323308177,0.014341556530697151,0.4248224918021597,0.007586270270679622,0.3311033374302219,0.45381924875441887,0.6483380711657851,0.3351077611668077,0.8490646649061904,0.319248303571558,0.2110922601386585,0.7813962818619131,0.24314036146743057,0.40385463182463655,0.27603088737623693,0.06128433548742004,0.83292352831203,0.3371164686524697,0.7614894999615656,0.3379179376815551
77,0.1620094373912614,0.014341556530697151,0.41670655089631115,0.007332605875913901,0.3299267711585556,0.4430610439404045,0.5964552395039462,0.3429554590070832,0.8475790494682731,0.3731778524055025,0.07582025291527689,0.7715596908645816,0.5483093096188103,0.40405687020298653,0.27313716958825296,0.06160927443058903,0.8313075603189091,0.33877381692957936,0.7793667264446191,0.34826662024938915
78,0.16229413472759435,0.014341556530697151,0.41589356144551604,0.007586270270679622,0.3257776061349258,0.4535054571325944,0.6095570951563438,0.32866571443201625,0.8400263321232226,0.3149839980025293,0.10763439062537145,0.7712792513646518,0.4297254622305271,0.4021387115142232,0.2880238073620376,0.061683486652602225,0.8231007418114304,0.34293843997634366,0.7503110796103356,0.3451995060337427
79,0.16348535513792783,0.014341556530697151,0.42592398153395106,0.007586270270679622,0.33577730299607234,0.44739302785932833,0.6484441014445679,0.3368077644858059,0.8504655440695141,0.3288510685258669,0.14163337640116996,0.7751787532314325,0.4778990028666463,0.40481792479274037,0.27993588825411564,0.061390378446757723,0.8344478343044173,0.3353133358943016,0.7572476188880573,0.3380222991348153
80,0.16199902771248587,0.014341556530697151,0.4131297437551764,0.007586270270679622,0.3307504841668002,0.4572238367530523,0.5924401534255352,0.33543261855078305,0.8243824288341046,0.3319050405700379,0.18219831147252702,0.7629963575866128,0.04305882020678631,0.4033058116277277,0.29417832314037184,0.06171466088739398,0.8061477081614863,0.34443849388615927,0.7741347583940712,0.34133989301825296
81,0.16154865873947477,0.014341556530697151,0.4166087801724979,0.007586270270679622,0.32873227582881737,0.45731978637614606,0.6122327044037768,0.33796702041238197,0.8342698690904782,0.313259271769494,0.1516738486314691,0.7787152372306061,0.32006392074579004,0.40490726565093027,0.28501531825608595,0.06161375759003354,0.8168553913667285,0.3426418031960844,0.7782962310391066,0.3419054828111444
82,0.16206859882310265,0.014341556530697151,0.4179214252600526,0.007586270270679622,0.3312682787010106,0.45401323506474345,0.6170810441708809,0.3369545470250905,0.8372428120041815,0.37814478381982863,0.1470469561410081,0.7732937867868082,0.2772549180160535,0.404461372327483,0.2842634418848604,0.061562416198615376,0.8200797793999308,0.341062746655002,0.7710669807812933,0.3415210181656514
83,0.16273647794900592,0.014341556530697151,0.42283152373330035,0.007586270270679622,0.3346029571650866,0.4418999982620811,0.638610580940945,0.33555191094720466,0.8504779361452024,0.2694536818651049,0.12358441320407715,0.7752830297851985,0.35890725192322925,0.4055296893122864,0.28293947770121974,0.06159467685773257,0.8344613204107325,0.3374548466057071,0.7596463716353901,0.3392515838285254
84,0.16283129479010083,0.014341556530697151,0.42343176713777453,0.007586270270679622,0.33518472255841913,0.445084803548551,0.6493770683445348,0.3336686821758685,0.8477161246503857,0.27789661072216676,0.12684402789849364,0.7736262137644581,0.2818684079711762,0.40502014598248137,0.28626030002749303,0.06154540343011497,0.8314566396249019,0.3374506370533231,0.7567204445744116,0.33730386680026037
85,0.16075772776119723,0.014341556530697151,0.41495592830328354,0.007512796268531931,0.3270752533859911,0.4562702929519678,0.6009591781006165,0.3336209845664933,0.8363554687243773,0.30467761591776354,0.14557448895963804,0.7703767584911232,0.2711285002594295,0.4028679121765111,0.2810573638368936,0.06160497292853761,0.8191171534426596,0.342722784826319,0.7621143305868823,0.3462997105403124
86,0.1616937739339448,0.014341556530697151,0.42308422860401496,0.007586270270679622,0.3243881409589574,0.4722204830708009,0.6230861780764627,0.3325933756118599,0.8482688170904162,0.3571710425176964,0.25805181888294565,0.7976113575556394,0.2748883321658795,0.40896488759930283,0.26201271800314885,0.061227632529513035,0.8320577811733683,0.33555358638041566,0.742236266573276,0.35441927465905954
87,0.1607481400021724,0.014341556530697151,0.41213176416037334,0.00682914031253618,0.32333224331462884,0.45759582321026593,0.5753857259746766,0.34223578614222244,0.8370291356151358,0.3054964553115753,0.19952552609852575,0.7714232043062637,0.5086593516239155,0.4018050823775041,0.2704721753201085,0.061491364010078944,0.8198479564617263,0.34316474675635666,0.7886524781354876,0.3520407196698875
88,0.1619754770043358,0.014341556530697151,0.4185137877815135,0.0071607692873879285,0.3282840403190065,0.4474805784984464,0.5960982155591452,0.3424308754025002,0.8469883847869126,0.36092277855468924,0.2196220648485277,0.7756953324751577,0.2182637773058449,0.4037243134687938,0.27502787102659454,0.06137211960144759,0.8306652233317042,0.3390227008582846,0.7795308419727944,0.34750453020799343
89,0.160855850715251,0.014341556530697151,0.41654594129679134,0.007233182260905797,0.3369797482634773,0.4482824157749209,0.5701239513815928,0.33511216931930804,0.8359374028290518,0.3835045383472765,0.12869524790340864,0.7680194477056943,0.48529552549407384,0.41078007455620713,0.28487109934715704,0.06185996992551299,0.8186636873511504,0.33758457995624014,0.7553024074160892,0.35134667244190443
90,0.1610480378428335,0.014341556530697151,0.41592208681992315,0.006790513373773491,0.327067948196588,0.44768459445641173,0.5739953043748436,0.34454426805658284,0.8476681745645158,0.3376448979677118,0.21245268911380105,0.7753015045026987,0.27236859571364924,0.404962067607892,0.27518085217914745,0.061346581528523826,0.8314044898542756,0.3398608676604298,0.7872876883734676,0.35305530057118695
91,0.16190519892643163,0.014341556530697151,0.4151456533465113,0.007056241186643995,0.32733598639949923,0.44733420655319156,0.599280893935564,0.33958803370735163,0.8452914437807766,0.39624691787905786,0.1812488768838822,0.7705139320483865,0.544251741355648,0.40301185240046555,0.26859882453530304,0.061719489382168605,0.8288203201038258,0.3406131024408824,0.7722702480839136,0.35026907139469043
92,0.1613542934122314,0.014341556530697151,0.41292965791213987,0.007410227699146397,0.33932193208216355,0.44374783719150074,0.5702378826103747,0.34282441386161094,0.8294998731606742,0.3162872977752432,0.17703052361676191,0.7733440852264437,0.5483201277269725,0.41348198655001656,0.28887739645693955,0.06165838860019283,0.8116866112931456,0.3409391499511414,0.787232697660186,0.34417358487877336
93,0.16254950869340512,0.014341556530697151,0.41526947597024166,0.007586270270679622,0.3316536680312774,0.44688039900581045,0.6273468414923613,0.33997910616231725,0.833701902970017,0.2943969675562088,0.1084672058304908,0.7692222242013516,0.35404410251362606,0.4027164991721168,0.29239131641040217,0.06161042502966014,0.816239641195571,0.34444929415857045,0.7931566123481177,0.33488619956736354
94,0.16200311233893006,0.014341556530697151,0.413672551946241,0.0072901748161651935,0.3247588735457264,0.4480831679546995,0.6003944701713593,0.3361765069471146,0.8446529279066994,0.36628393401490467,0.1635762397713892,0.7719982452029404,0.5094115169072246,0.4024626928302817,0.27107881648815635,0.06158877427889882,0.8281263176191291,0.34282868213926426,0.7672799357851194,0.35010007217779826
95,0.1621033266832046,0.014341556530697151,0.41761601521442115,0.007132083181624682,0.3357541438833135,0.4463364441383154,0.565007849585335,0.35099536360445965,0.8452339437476364,0.3401933308795989,0.20752149756591703,0.7696837879604346,0.5136988944117107,0.4085484575241538,0.2772659385926346,0.06129193839487829,0.8287578191476899,0.3364650844567758,0.7986361403114643,0.35202149885506406
96,0.1619976549709492,0.014341556530697151,0.42111815780178674,0.007214159396949985,0.3358882080387078,0.4466514643418312,0.5967000948020491,0.33779351515255124,0.8474596711783762,0.2683757783888977,0.1278345302055906,0.7670937357123997,0.4975590748956833,0.4072955255149635,0.2715891513004465,0.061678816398339144,0.8311777315360971,0.3333953325436273,0.7478748052020734,0.35227533352740004
97,0.16176040027464667,0.014341556530697151,0.41515421668158226,0.007491819230017786,0.3258172741095533,0.4624218913843795,0.6147420651467996,0.33775735159425385,0.8315024016876982,0.3662851161865396,0.18617955374891965,0.7807330450229395,0.35962031490567803,0.4044169825697219,0.2833199546078049,0.06149649545872354,0.8138558584328324,0.34389928303115513,0.7809541899020394,0.34402287083230876
98,0.16149800664509584,0.014341556530697151,0.42449452563981904,0.007358631670619977,0.32644028693644134,0.46888779576748546,0.5987202771235935,0.33832321488639855,0.8492043218746805,0.29804239156269263,0.23092472037134643,0.7845617886880605,0.4903516765399729,0.4058001982261008,0.25970903561371017,0.0611201599122863,0.8330754678091805,0.3328579851087815,0.7463128202777809,0.35699387466465615
99,0.1608255579484199,0.014341556530697151,0.42195211111217434,0.00716938064136629,0.3304845610707563,0.44275043635749495,0.5815154994625793,0.33905764748610717,0.862843670465693,0.36485137433170833,0.19404917720241827,0.7715536740308708,0.2087015602380191,0.40500541363791975,0.2579925306382762,0.06151677977335157,0.8479380384959752,0.33405789654540763,0.7471916186095302,0.3574936394112683
100,0.16242023531312133,0.014341556530697151,0.4213456501147199,0.007456198331245384,0.33872827273799877,0.44515246300872247,0.5987018109180227,0.3488483453564288,0.8452500571962056,0.3043550431177723,0.20639929164736587,0.7689762479922713,0.5374476939157926,0.40684848061180734,0.2729709828787179,0.06150382568046744,0.8287753339395529,0.334345953037744,0.7880848809224039,0.3437747843252249
101,0.16139656524885215,0.014341556530697151,0.41240593960527505,0.007249590448735685,0.33584792649601825,0.44796778182009106,0.5631118910116975,0.33714403371931473,0.8291239500179759,0.3592547580122938,0.16221675624093596,0.7673318315733637,0.4996232172940296,0.4112433654275378,0.2827340070296174,0.061670049610536376,0.8112795036407399,0.3407439445741874,0.7675706406431448,0.3498669479712163
102,0.16239681803576533,0.014341556530697151,0.4239712066614565,0.00689246596812262,0.3308916040734804,0.44728364192599895,0.583186894585122,0.3418507997331109,0.8600324825106784,0.32843370611423783,0.18378498863201492,0.7714640937168447,0.2513102306437158,0.404831887866431,0.2555826646953676,0.061448409768706524,0.8448708999106576,0.3318644878081429,0.7485524032049615,0.3585038152905482
103,0.1608837902694895,0.014341556530697151,0.4128307553065611,0.006782824087412981,0.3294899344127493,0.4485708864480589,0.5830034095934735,0.3364398758176143,0.8399341008103263,0.32842472705754255,0.17516174923501887,0.7648283919563579,0.41300584270465457,0.4053066244948762,0.27267907644893796,0.06164008494944078,0.823000611637841,0.3408213297297132,0.7631334849601634,0.3541527761638411
104,0.16271298649067256,0.014341556530697151,0.4238295525964627,0.007586270270679622,0.33488853439191657,0.44188584680734483,0.6086876604738123,0.3413164996835965,0.8564583127138818,0.3163851880071895,0.12178471702136667,0.7733449786680311,0.10560651822236977,0.40561851693804085,0.26508108261174357,0.06149325568096696,0.8409741866705625,0.3335456495361911,0.7596604570183922,0.3464364791573723
105,0.5639631181720042,0.6360045428454039,0.8200612267256552,0.22873936556946722,0.6110733911499557,0.5822027417196184,0.6018779354635839,0.7190138005763944,1.1972051749964407e-06,0.5466907688793651,0.763889845331313,0.3283710230547454,0.7730859163314481,0.5819753063237953,1.0,0.05443158282257806,1.046415888161789e-06,0.44911217115000296,0.2676969344885656,0.7854050518590057
106,0.0,0.0004031064641836071,0.5177016071271229,0.017882850255252634,0.4320844529943042,0.4885480093284858,0.4278932531310282,0.6195914271132232,0.825153982664244,0.5845482827067557,0.5817945449805386,0.9722874276723827,0.5293928422732499,0.6354027385074161,0.44377426212425064,0.0756209880682131,0.806982382742303,0.40232210469887647,0.8296699761669726,0.4876420439116834
107,0.07990715235082513,0.004243275881208566,0.5055883991388052,0.0073450122831755504,0.4018036777155387,0.5887976242036794,0.49598936673420013,0.5990610030624934,0.698408416790175,0.5517173477226679,0.5491192154997038,0.9582757050360236,0.5235167979153683,0.5941743549220952,0.3435139240066576,0.08689824259069566,0.6718787922478688,0.388469773503339,0.8581566554121918,0.4689604992964509
108,0.12782786312664696,0.006798592270607255,0.49770269950640356,0.004342093547127791,0.3924660251809431,0.4655031880745831,0.503569103157222,0.5662508043309777,0.7545231389837945,0.5270761434768745,0.5217873620127864,0.972719060980807,0.5784586370395637,0.5860447923406562,0.29943765368432196,0.1563791877216037,0.7311947071446829,0.3796784313397979,0.8702601720748948,0.45663456058700136
109,0.8181044725231501,0.4243895207000908,0.8683747724879894,0.002760704379904547,0.6081230479764896,0.5845628107904757,0.8612429992591615,0.7129713046560049,0.006807909997766259,0.5059033394429164,0.7168133391952376,0.32134927081260223,0.7776785901615799,0.5647251885397431,0.7004252650526723,0.22577032637747596,0.005956282884280739,0.4126360444958382,0.18281962242770433,0.8680555474418288
110,0.18118118567970676,0.008432688618068339,0.516734244166361,0.003958722839109266,0.4012240728565233,0.594175686427848,0.5428219345938068,0.5523995598799762,0.7133523614403035,0.5534672660990406,0.5578301038630016,0.9999999999999998,0.5483928642773535,0.6113178250078903,0.24486636538112805,0.0761590938025486,0.6875977564312639,0.3930098326233932,0.7257105038500171,0.48581887075919294
111,0.17357031838042036,0.01302450496481417,0.5050680098332213,0.003394328235622103,0.38915157319062765,0.4618520705329514,0.5446421123009095,0.5385879362203376,0.7812605419356404,0.533810920675452,0.5291514196557063,0.9717079874926766,0.560023684192684,0.5858629348911144,0.2520164786176906,0.07353874617877298,0.7597364199666121,0.3892276324390899,0.7954230197871848,0.46807616629753346
112,0.163053571951427,0.013709891768678461,0.5005620642305416,0.003026927924284294,0.4009038902683866,0.47551279649156825,0.4903974933932922,0.5404121129464206,0.7590736473857915,0.5365643378554158,0.5464602423833886,0.9895551665029567,0.5352863629112061,0.6022080057167123,0.2535691105008766,0.0686048824606264,0.7360395795090537,0.3911658832380951,0.8275888504538438,0.46291716910741176
113,0.8763066725284476,0.17964148238580674,0.7768165292681256,0.48304722533639216,0.7491465920233709,0.6964354292715682,0.31321509604071096,0.6718862056741695,0.08001615359112879,0.47148220520085105,0.8085419935559819,0.11424753875387661,0.8211171295450246,0.5577738748790777,0.5450042976045921,0.062464621369092574,0.0707444338698473,0.43073988660359924,0.11397623190545891,0.7531606123286434
114,0.1792392710352545,0.013891662307345945,0.5124626401935878,0.019392267969178992,0.42561455578645924,0.5494226116801505,0.5717947325201216,0.5606075219137765,0.7667320011251202,0.5507559584270718,0.6250881529187144,0.9357964974043196,0.5336285000907655,0.6124073071137488,0.24762113671086183,0.06246451588556012,0.7442051143840216,0.4069800424577782,0.8364836665710329,0.48485301004444226
115,0.15374650521503985,0.013522765846975872,0.5029092527287781,0.04700654638707867,0.404176666330333,0.495612759951775,0.2837916327261638,0.5369492201507864,0.763779745473951,0.5519305358687444,0.6600651122834333,0.9543364054399139,0.5758896260255,0.5944635040056228,0.24614170696467852,0.06246444664042387,0.7410555931186125,0.3925922523251236,0.8668099010466284,0.4667926334762582
116,0.14934199919317293,0.013227294731699236,0.49415643531306264,0.0011656533795763053,0.4074330354663236,0.4733791178604889,0.521441795014681,0.5219328617462018,0.7635134036359124,0.5869325061767453,0.6656354546385146,0.9810425413390795,0.47243504605131825,0.6006188363812799,0.23364753932486337,0.06246454478413803,0.7407715626609368,0.383718664343804,0.9023034988321363,0.45381566140960905
117,0.9542691732299458,0.038261393247810443,0.8068851964078002,0.7794761422202389,0.7331214932224279,0.6818235909332996,0.24237488451649014,0.6489041333689156,0.10542104814943265,0.579531279522654,0.7165989828779837,0.10261835935486352,1.0,0.5378611494199246,0.5332052546648214,0.0624645335222472,0.0935429084827395,0.4239874537346413,0.0,0.8079920598261676
118,0.235673480889245,0.01271738538884601,0.5048653372887436,0.10578188690033678,0.42079376615775854,0.5132828427491032,0.37342182884403385,0.5543244234553553,0.7692337635351865,0.5188733844293363,0.509502875066586,0.9031913415546595,0.34929693615830537,0.5957765066775438,0.22110990304460643,0.062464465420886656,0.7468757596382807,0.3986203290159998,0.7442481264514047,0.48592533493143675
119,0.18337597544873008,0.013377243108534371,0.49888743091582366,0.0768265836430521,0.410158241288868,0.47177076346432767,0.34257732510146255,0.5326585845466036,0.7865107725002791,0.5222784470210652,0.5269363049147513,0.931699112076849,0.33783764728968,0.5904347453707663,0.2260720713298099,0.062464477562844095,0.7653621023779535,0.3897713867162444,0.8185747623509121,0.46590793305267575
120,0.16303681232912137,0.014422589051319098,0.5000438453172354,0.024370862032223755,0.3954500703972832,0.4710530480419161,0.5155390541924092,0.5325316111133727,0.762642568126211,0.5272358566681768,0.5075470999758307,0.9633444856423681,0.5366676368161158,0.5886248624912247,0.24857341851193837,0.06246441637427058,0.7398430168879411,0.38656638119184844,0.8240937000392781,0.46110351616606227
121,0.5639675548636867,0.6360099605961655,0.8200068631364242,0.22880589616559058,0.6110283207116525,0.5821597822842225,0.6016318006576675,0.7189769621532398,0.0,0.5467546846562958,0.7639532167019203,0.3284061860350136,0.7556542522298955,0.5819597422555378,0.9999838689069946,0.054436730663774635,0.0,0.4491772073372235,0.2676955468476079,0.7853881980879858
122,0.009005935471217641,0.0021649436277765464,0.46755929918298644,0.015567260158287816,0.3870950554784689,0.4496605473527481,0.37477966848386046,0.4037895255888055,0.8193176023655675,0.38581844997282644,0.4446934185760569,0.9255805549731113,0.3431003910755823,0.5426596938476589,0.429793257004647,0.08251456586259072,0.8006722518373872,0.33948189080924307,0.9412313611406593,0.4143021537674949
123,0.09036307390935083,0.004243275881208566,0.4544381738874872,0.006525963432676374,0.3659938621898773,0.43126853530969295,0.45814171852575214,0.3378980887982184,0.8157803526510432,0.37539690200576514,0.43979310366339425,0.8712163243947841,0.5263788088181123,0.4952052233928048,0.32119575610137474,0.07177003971804347,0.7968520526712461,0.325544643147151,0.9083623343179541,0.4025322692180342
124,0.13834409474888876,0.006798592270607255,0.45546735612313105,0.003931532649567672,0.3584028897672633,0.37342923530866146,0.48280278711983016,0.3092489747492792,0.82644686942283,0.3638451984686719,0.43100422550514567,0.8862967756230351,0.5437702483041988,0.4873357621368821,0.31869400036217144,0.07149574119524504,0.8083813766272938,0.311969175502318,0.8525929136176389,0.3997067492134023
125,0.824059334913944,0.6436502907301431,0.856955486110235,0.001933205493153278,0.5568511871776687,0.4675852237005428,0.8349087838073537,0.6076214632213299,0.10030603152266648,0.3178141236195491,0.5846402679018379,0.24267856458607828,0.7567338266622041,0.44303638487890806,0.5979655185548012,0.08189209804993502,0.08893959634614723,0.2859736417475398,0.10723178927064181,0.7872076333748321
126,0.19228129521973714,0.009030503237873376,0.49800270369027355,0.0032618821705538625,0.3542852455584149,0.5016424564715684,0.5140515969683683,0.20154131979752538,0.7762388501169748,0.35437612589538314,0.43491258400442073,0.8694667887042098,0.5497388749207239,0.4880120790486444,0.24588024025919708,0.03529927607759356,0.7543621163195284,0.3033165305108044,0.7262296400464612,0.4445643920824367
127,0.1843112012380833,0.012707258749755243,0.4759001825263095,0.002809437404317366,0.36364348941886004,0.3755237155089062,0.5036111996547277,0.21560808184793107,0.8361427630217828,0.34968853823882196,0.4336065387997344,0.8935674011216952,0.5591563433660109,0.499466326739304,0.1741616132747481,0.023696002863794065,0.8188864311456394,0.3138402419488485,0.7195554446252799,0.419549344835522
128,0.17332577851688336,0.013559657766671283,0.46731349445317716,0.0025852264641439983,0.3655226848662474,0.37564428747298423,0.5201736323202155,0.304986339886919,0.8295238170084844,0.34535681414139996,0.42517003302437867,0.8645281708757044,0.5308942001247523,0.49309695438852774,0.23772806347361097,0.05770939586301854,0.8117125425963578,0.3233052007845691,0.7607570268666959,0.4158308192023612
129,0.8868422230892887,0.19989265367324802,0.7620522643108482,0.5005522871743014,0.7159432324075379,0.6244275405667893,0.21915420539160024,0.2841731601430954,0.14634441338894755,0.34240606923685546,0.6880129909252419,0.05101395142166165,0.8731080232779078,0.4629369358876192,0.48101247342260933,0.062464621369092574,0.13060961230520185,0.2998269290041586,0.0886922561723904,0.6790858808501551
130,0.19019262602899556,0.013945712664496249,0.4656370166620336,0.019024004348798328,0.3391260569794827,0.44747307990446283,0.5035152372219578,0.35284706890366463,0.8107654714615591,0.37309348559087085,0.5285215281086049,0.853493922676557,0.5729303300062334,0.4717200519381408,0.0867613328624941,0.03448713093179151,0.7914414260501637,0.32225513147471163,0.7996219185702467,0.42001833771469643
131,0.16495832645021336,0.013247227227507227,0.459860577429561,0.10454869344402941,0.3552832849731664,0.4033743439665779,0.2928390232066995,0.34777599930030506,0.8155732343436495,0.3288518868282506,0.5215870361255524,0.829962906792262,0.5615594929190006,0.46921784320343085,0.11557488703584795,0.036633832029597246,0.7966284643652413,0.3128279287103868,0.8211774592758481,0.4047831537602141
132,0.15994419300615847,0.013464165878207954,0.46188844385877925,0.0011656533795763053,0.3669096436382371,0.39341929472048803,0.48752590082042957,0.33262903767631263,0.8086014540962139,0.35202034691490924,0.519572753146748,0.9072251655727952,0.5222095002344336,0.5024807610473858,0.12187009242381919,0.020111115518637035,0.7891085936301845,0.30833373752455234,0.7859415958922371,0.4058590273303285
133,1.0,0.04483125087711872,0.7590853219412742,0.8117986518400534,0.7063044430062764,0.5756989731284949,0.23062393688866578,0.254561796217116,0.157115280855737,0.28230617269744196,0.42548281888874,0.015403536285325758,0.9949003276752038,0.42016991008567994,0.4982415745981541,0.0624645335222472,0.14043555038358635,0.27568381436418277,0.010816549935938058,0.6866464407593138
134,0.24595781431412667,0.013300592455771627,0.46753744081010606,0.0968839123526459,0.3609738060510488,0.46429854528340686,0.3674035853034603,0.2882371874317908,0.8144422982225703,0.38228305602275503,0.42065813551621417,0.8405849575548767,0.5743607043847785,0.4811862000182441,0.09244296224012771,0.04906694769227184,0.7954077870686367,0.3137232249379699,0.7103228316212546,0.41830341162770845
135,0.1928855558908209,0.013514103454630746,0.4688477072997054,0.2191042954742113,0.37760175775928917,0.41443378014934945,0.3778754372181865,0.2668075417784848,0.8267053951210497,0.3464574605409214,0.4036447624771992,0.8496161725206204,0.5601486749624733,0.49607721840103136,0.0,0.049147187684768806,0.8086611700281148,0.31420823324744923,0.7283630199669484,0.4137633937777305
136,0.17350388388409843,0.013886963874710438,0.4576329926128344,0.0228466129625382,0.36915865495225786,0.37362217364726935,0.487332651928412,0.28010575421314493,0.8406634251410146,0.3725864105201443,0.446099100041404,0.874173838868576,0.5294133353317161,0.49444140296644057,0.253596592571256,0.06246441637427058,0.8237924551797697,0.31675052913425433,0.7934896634897486,0.4060688254751793
137,0.5659101874556864,0.9087294824269572,0.7902476160433037,0.1588544008257827,0.5823537403902179,0.568938817643468,0.3688332604548421,0.7030022825588496,0.12798552776929117,0.3189842184659841,0.3858817277876298,0.17948475124508612,0.760586971748717,0.4556292415463483,0.9205895735493925,0.062100765655619165,0.11392871117684256,0.42144315357659173,0.2010553251578373,0.7825141143302139
138,0.00882186955726838,0.0,0.40217652962932104,0.02711190780154175,0.30402042120700523,0.48783142777695,0.3506266035955754,0.339158362972588,0.8766913321639076,0.3730600872554738,0.11009154047528097,0.759652367603225,0.0,0.4004578067211759,0.4415703175586714,0.3850350697442954,0.8630755454224011,0.342067054314768,0.8017711331910085,0.3931688353424747
139,0.08765002343029826,0.004243275881208566,0.4126000516899546,0.012817833605010856,0.316980646459443,0.5459900714538592,0.49282853966674267,0.3430314535003666,0.8092754996466156,0.3623335586198516,0.15598204857277426,0.7613749103334351,0.3913446616881675,0.40048070410789527,0.36698521502559345,0.4017367631983967,0.7898350949987101,0.3409654971839648,0.7320442826903699,0.3727519985655504
140,0.13501783635797748,0.006798592270607255,0.40658693091842624,0.008579639821152762,0.31455401057935695,0.46069400931410687,0.5461669321366536,0.3364780861910143,0.8353222240751257,0.34263758637481845,0.16681551901219566,0.7709422255561138,0.47889037287885294,0.4000164256905543,0.322691264331894,0.3877697063643759,0.8179964977081935,0.3484536474960319,0.7615668178317874,0.36051667246016506
141,0.8044737594971747,0.5066052715476443,0.8842340585624952,0.0,0.7704401842290702,0.7553711686285294,0.5132787528905709,0.8272866362299705,0.002436376371411697,0.6786191030784184,0.638006376544936,0.21967868836197302,0.7083418671953243,0.6719820516106418,0.667604328307533,0.414879771341391,0.0021302594020191634,0.5844936988626188,0.04040880503145772,1.0
142,0.19007536932565539,0.009581180033317564,0.38478042620022623,0.005037256649295771,0.30652357667090113,0.5920740221041616,0.4636118442847703,0.367246305372059,0.7109732299213927,0.31203994128071677,0.21008170414136235,0.7495622044194674,0.3762726893135788,0.40401741920603973,0.2418750888455179,0.0761590938025486,0.6850914738193497,0.350443816657633,0.7895092159132342,0.38933336777484473
143,0.18497988110311347,0.013024814893485238,0.4026892523151866,0.0073516714844777675,0.3313636831699809,0.45379711336424516,0.5655054280872527,0.34586241795076395,0.8281593520820958,0.3672800061897846,0.2292401765707282,0.7519549648836363,0.5056735007748134,0.40500805026457476,0.2799937984723613,0.07353874617877298,0.8102350508453979,0.35196670463953783,0.788960308960375,0.34510500278845024
144,0.17415546561652895,0.014951568653784842,0.40586184002353776,0.007198653299001547,0.33052243946349713,0.44148297989162805,0.5704600245147198,0.3458594137043944,0.8331013910199592,0.3416474418294392,0.11125580710601674,0.7706705423512854,0.3948373844198283,0.4088119450709855,0.2720315873672092,0.0686048824606264,0.8155886954314722,0.34751335176580883,0.7907540980640144,0.34953901793020137
145,0.8832094849665748,0.20135367970223939,0.7540339549470473,0.47023065763550087,0.6466173405715618,0.8035268305902062,0.44113075950958347,0.2852557792225831,0.2551645410033734,0.3611289252249673,0.6156505708108058,0.0,0.7484940238336719,0.43421050793870153,0.45735676875807485,0.062464621369092574,0.23122680416938413,0.4077332533908244,0.041383243601244235,0.7534686632829146
146,0.18782567894619207,0.016244235008649497,0.40716050448913965,0.019150100270687108,0.2940916314123252,0.5105147022667069,0.7465222986759201,0.329470027260982,0.8650121381945426,0.28511330246621325,0.18377898038009016,0.7482271052320273,0.6050936217499547,0.38614777673698075,0.27909378825560793,0.06246451588556012,0.850305299064569,0.3516978328708288,0.7399477518079389,0.40019384679750303
147,0.16192063576895876,0.015597422632202975,0.4029056583761351,0.23970647712492407,0.30853806802673867,0.48357797278806025,0.5117347628790014,0.33390145789986375,0.82550269795725,0.3111697094918603,0.18263414179033316,0.7707964686712294,0.35158066295876367,0.39613562905450705,0.2806260704422243,0.06246444664042387,0.8073596756060966,0.3530597432815284,0.779219662966669,0.36442912698049024
148,0.15821817750218403,0.014940858110058372,0.41367184528443146,0.0011656533795763053,0.32999596904235373,0.461291675322501,0.5976351545005514,0.33845330288751746,0.8363547723984,0.20507371578930023,0.17142495011095532,0.8082696495383248,0.48448757788893637,0.41916285580608315,0.2812500850393178,0.06198431931407779,0.8191163981178973,0.3437970096637683,0.7828503513410889,0.35246666579325214
149,0.8716824811124446,0.04655796263464942,0.7456521716714491,0.8142440509945942,0.6802674517947203,0.5890252363948372,0.2624211550594069,0.24522985654398916,0.1629737266620026,0.24447455237045457,0.404278721759784,0.03490863075240558,0.952242376874862,0.405776909394578,0.5701238396208055,0.0624645335222472,0.14579230450667446,0.2694585036942172,0.15083621159581817,0.682661774215789
150,0.24953205873123296,0.014751804893501244,0.42350567393248295,0.07406479091120004,0.32555103204343494,0.5258890836049103,0.6929469079846022,0.2910839216503371,0.8321833887611958,0.2913921680134156,0.2138321908235184,0.6980803361166343,0.5706355039511077,0.3762993314621579,0.29856946943438345,0.062464465420886656,0.8145937706073128,0.3428419273401721,0.631246628363467,0.32333045609600375
151,0.19511623612534157,0.014785552135328332,0.4229889455717346,0.29693110511570825,0.33368955722088944,0.46586626228012296,0.6682913097206047,0.30900309645246576,0.8631393302559407,0.7522980075336366,0.38598262552174506,0.7392508495528618,0.5595142078169069,0.3940973470538023,0.283472497552296,0.062394027421081105,0.848260732960292,0.3410757677489992,0.7033832107541294,0.3279848511320319
152,0.17339888278504934,0.0148354415534634,0.41716924517281806,0.05487653579878517,0.32664314791516447,0.46331633949180384,0.5672787282948306,0.32607555766094093,0.8389268200242808,0.3095143428961451,0.09647808974052668,0.7842497652445861,0.5380738411631363,0.4071209785101353,0.2885733074283934,0.06182760503981672,0.8219072049503071,0.3423425457836901,0.7421593808693698,0.34390291767369763
153,0.4363554247268322,0.43406246542009363,0.8363797450743137,0.0075862675489870995,0.851832115411657,0.0,1.0,0.9109720717238972,0.6753650008626573,0.6018514410684471,0.9695899087915605,0.8101215815610703,0.6053825521107576,0.6302156117609521,0.2453694528473136,0.05450684951454294,0.6477505562976853,0.07998882883110758,0.8266244212263332,0.3958711366449287
154,0.3715546333939721,0.8921529950489256,0.5340432068036013,0.048438090123515756,0.5296017135806141,0.6963092506266325,0.5103927084539244,0.664222468163475,0.8268673142084881,0.6177778485973368,0.6717824541279034,0.7417215985695436,0.6074134267804165,0.6835455978140426,0.2846976633070142,0.41488331789188776,0.8088364180176806,0.7225135738189354,0.8782106008590485,0.43110180655295327
155,0.10509568249730838,0.16306911294449494,0.6205544971845961,0.04655231043118091,0.6286549303073199,0.8446746273844233,0.3619233032496396,0.8098329389827466,0.7219812460393995,0.7224521778563174,0.7274920763029282,0.6162431500512031,0.6427006483423714,0.7997690286799715,0.3856636413109271,0.8642734044359519,0.6966997697144943,0.7942165309715175,1.0,0.5358461992912488
156,0.33905400700027877,0.08383299906220025,0.7069564308248214,0.003234434585656218,0.8004875188475751,0.45473572842818744,0.5726082230923701,0.8369668528406267,0.7781633992050527,0.7982016200091585,0.8934149727973351,0.561733094450372,0.6628695577212049,0.8377201354074313,0.30799496215796296,0.06717687025591622,0.756421052141312,0.5905080006340058,0.9212453529910616,0.4389551179944273
157,0.7324247690047501,0.03385819921355555,0.7189754362536324,0.9897217409614254,0.7010118082940833,0.8944437982465583,0.18238909409965842,0.6114885334190427,0.5312163831123207,0.9361705892288955,0.8916267972112866,0.9154068054981381,0.4713562641323854,0.9511711688851177,0.2618423939455852,0.06246444704482636,0.4998513097232713,0.886092137268991,0.45911390748950387,0.5584838421231592
158,0.30776175080952883,0.03773199155705701,0.5249993927657782,0.5925790284470179,0.6165922784877784,0.5026440245903513,0.6586779900893731,0.5739549847469445,0.45427286262711153,0.8802212636364118,0.8515015939081712,0.8069790702733786,0.5036132626499406,0.6405042247655324,0.28080134538613777,0.054928609864678186,0.423048414862081,0.4933515219655029,0.6891706447258317,0.22513175163052013
159,0.40590953056746915,0.025423021762408373,0.18655654915986009,0.4196244627778339,0.2673561651057903,0.6503208865381973,0.8340776393239402,0.2977578601448954,0.46760441816781295,0.18507680963996942,0.23519296192860756,0.7917976829662707,0.4275652827838563,0.31672231595650424,0.2904085133223475,0.0555582368123044,0.43624879252526605,0.7165051025243456,0.5847725064666673,0.08752332520544731
160,0.5358553654769374,0.38978072628748445,0.838868002824141,0.007586271546970689,0.8106421380064894,0.07505227965162797,0.9815715124576094,0.8544927349963274,0.7167992643639587,0.577937493226336,0.9460618329141057,0.8388178415678891,0.5746886035410448,0.6276830753416176,0.2857258563667955,0.054549758868041205,0.6912314061009195,0.07688576745094555,0.8633088453446924,0.40301387528668
161,0.6436042234454493,0.4251873300737608,0.8789917422750219,0.0075862675489870995,0.8914342375881692,0.04909747629180983,0.8910533012256145,0.6126355142822104,0.7210250496658284,0.5791583388478386,1.0,0.7188510707824116,0.6165053994790615,0.6123862768448514,0.1850972756616045,0.055521154689496546,0.695690220271149,0.07826794063765441,0.6306662114676023,0.4412861356486718
162,0.3754024326381006,0.8892119408333967,0.6665571637251372,0.04119405273992695,0.5516758738721912,0.8156997815891923,0.39060853484649627,0.6292067357671642,0.9098941683526394,0.6019213321297073,0.6439498073892276,0.6533807091823502,0.5746835101337151,0.7038391805878514,0.36414123862316217,0.41488331789188776,0.8995678335192447,0.8335221108096039,0.6293860845573822,0.5183448282536496
163,0.10509568249730838,0.16306911294449494,0.778609135609072,0.04655231043118091,0.6104504997628801,0.9513271527740047,0.33834072673012017,0.7787259057001119,0.8211343288180717,0.7143764738371415,0.7281723222531074,0.5943949147116718,0.6122125631238244,0.7872666112370399,0.3891719299460732,1.0,0.8026355258193434,0.8715230917143848,0.9250181052746447,0.6636603428577122
164,0.33905400700027877,0.08550938734136679,0.7433487249011269,0.0044651587912234655,0.8247432835604285,0.5224272561482743,0.5294414213709651,0.7912300177303913,0.8940777371536242,0.8012711958962494,0.933022682447133,0.5465565726873163,0.647947552334406,0.8425195353451824,0.28164715427178066,0.1904456756308765,0.8821498106872696,0.6072984608987199,0.7980756845893229,0.526165498365951
165,0.8309772054480082,0.03736718773280299,0.7932712721403631,1.0,0.7809220234447471,1.0,0.20150074389020745,0.40890201688407063,0.623714595044317,1.0,0.9755669192528573,0.8415449206035281,0.5512878262932901,0.9999999999999998,0.2223788387421166,0.06246444704482636,0.5941545084226172,0.9999999999999998,0.4648948089141327,0.566420677653837
166,0.30246304411930447,0.0356689833788147,0.3039629325092238,0.5925790284470179,0.3791352725239545,0.6799170671487793,0.6544791383179636,0.21608056865156838,0.5456150472185608,0.5054539072465177,0.5854084778409125,0.6597178787452667,0.5176091919074217,0.37780939871167285,0.19884107397184891,0.054155105422963874,0.5143893098943326,0.644005216690452,0.6221183872108895,0.12757817665922166
167,0.4071324027520058,0.022844444792272725,0.07457486501055621,0.42364188431751965,0.051279463213546705,0.7496541613058698,0.7689700283573053,0.044408754911201054,0.541332775748455,0.06500353392154457,0.17382892548202272,0.6428868878810732,0.4285026816772177,0.07555309413485012,0.12600022960003798,0.05551156811172117,0.5100601424751032,0.7988384407087719,0.5702116253172145,0.0428030030887126
168,0.5498750533775063,0.3918988411007536,0.8654784955084743,0.007586271546970689,0.8981446798137855,0.09658988950662195,0.8758640209036663,0.5594400050824861,0.7822913591383966,0.5650220714100974,0.9495155294679369,0.7334987442910481,0.6161128700259457,0.6247666121912665,0.22182329569639592,0.05457870162009154,0.7608404046327413,0.09604648329796461,0.6730664611079749,0.43302808116710023
169,0.6436042234454493,0.449664161753584,0.9391321583610118,0.0075862675489870995,0.9506800908346744,0.12470745664595595,0.6964783758000905,0.6978560041512682,0.8263573969259057,0.5669724695134147,0.7387575271634224,0.6728320936109087,0.2882170325806861,0.6238029062016595,0.2880904806015536,0.05587904599401775,0.8082845475672855,0.015431085835589498,0.6346819614023316,0.48972179496231194
170,0.3652315257717136,1.0,0.6534509438273185,0.020745663112234587,0.5904078283587604,0.7497729687328961,0.01529280061160776,0.5820344865171838,0.9147012222813617,0.5706082339185615,0.5038831189465736,0.6075839805403518,0.568416349620005,0.6970617034888509,0.3169164200031105,0.10212834005414398,0.9048741423286677,0.7472838152338547,0.7350787533867864,0.5702078377440615
171,0.10509568249730838,0.16306911294449494,0.8864286420403412,0.04655231043118091,0.7863601510338551,0.8649395486673924,0.08888978929465097,1.0,0.8899553599316632,0.8465043484712124,0.6024981597607242,0.5954006344089724,0.5967852567530407,0.926121286041915,0.3873422765721841,1.0,0.8776203489826708,0.8514351072222254,0.6999876841018571,0.8726830418516132
172,0.33905400700027877,0.08796143915076196,1.0,0.005946435064752213,1.0,0.45171433706179964,0.3136493334139807,0.8719205278766275,0.9999999999999996,0.8879729098470736,0.6877473964140102,0.5042540105005484,0.6386801928303392,0.9759932057804785,0.22707073356707497,0.060094597254097576,0.9999999999999998,0.4705015379061597,0.5989449202121757,0.8192894701940348
173,0.8247873515207984,0.0406861765722367,0.7174327428266541,0.8800708883239053,0.6971957273085243,0.9702963932156021,0.0,0.39021685970028736,0.6750203454765509,0.9960073968888284,0.7306630982158115,0.7814248110553168,0.11435910878743094,0.912179755827448,0.3276671943386589,0.06246444704482636,0.6473906907640361,0.919978423682102,0.4285157436403506,0.5463598896086731
174,0.3018603064641435,0.026831210416210213,0.3627973491634576,0.5925790284470179,0.43824607477976874,0.7020852518025963,0.4876278122927289,0.2534194626131517,0.6063479629255286,0.5503495991245622,0.5619682894244913,0.5772325388119637,0.5707175356293899,0.4122235393826794,0.32125253779321383,0.0559594602100959,0.5762846492617715,0.6098905487181732,0.7378374900610876,0.14190118899476994
175,0.4029891512788013,0.024886060094508625,0.0,0.4407880947297141,0.0,0.8685457820456984,0.8011111618877784,0.0,0.5999155385584882,0.0,0.0,0.49778999364428334,0.5702367225611447,0.0,0.3581240540633388,0.05616487172994551,0.5696851160270653,0.7983440281935466,0.6360502269147936,0.0
176,0.783257658164747,0.409438031191571,0.959925997475021,0.007586271546970689,0.8680629037979508,0.1402683216088998,0.8881503165772742,0.74182772616935,0.7631316564471704,0.4946346979146674,0.5486429724968014,0.7526094847785452,0.5774096925983745,0.6222349419611553,0.30665501566093667,0.05399286477034867,0.7403644935724831,0.0,0.6483221186717305,0.514244555323664
